aa_pos	ratio	p_value	nbhd_case	nbhd_ctrl
1	9.67069102060998	0.2997579612397471	9	4
2	3.2436882819672896	0.060496064731682564	3	1
3	7.413485515721635	0.9346300932982777	0	1
4	7.572620436201692	0.14385100647392668	9	1
5	1.6887552180934309	0.19111532957157729	8	7
6	9.948892560780092	0.6634478678534803	0	4
7	5.747412871009072	0.17906837798152697	2	5
8	10.377087332565033	0.40906044256390073	6	1
9	1.7501391005750668	0.5779938619879932	0	6
10	8.530646773203777	0.8553535408324558	1	3
11	1.8948051914668875	0.11318645878915734	9	8
12	0.7399819559974703	0.05013447753706113	8	1
13	11.20300222341436	0.2729336582472651	5	3
14	5.114198778018183	0.6270973925377066	5	9
15	9.08962044713777	0.2403603997353969	7	7
16	11.080111011522591	0.9684041339362399	3	4
17	0.6466345151490769	0.3956649118457374	9	6
18	9.016885321820656	0.8349598008555145	6	4
19	8.05837922351972	0.438089635909771	4	5
20	10.284965007699208	0.037868491811657856	6	6
21	10.454610470981061	0.4106425682553303	4	4
22	5.585886338101428	0.1228708240087697	4	7
23	2.882288192971648	0.10105044637387173	3	2
24	8.173344169507974	0.15596897950358257	2	3
25	7.265209298072298	0.1465339388148228	1	2
26	1.494308156398502	0.020980793334189785	6	5
27	11.273889123864308	0.23830479484211042	7	1
28	6.227392872691348	0.5744276090576326	2	6
29	11.48150223469779	0.897936405683469	1	7
30	5.299248461375075	0.25469855497382343	7	4
31	4.332377647692062	0.84800285597097	2	9
32	8.293669198685059	0.8311233481635106	0	8
33	7.461368454708149	0.029144070298492974	2	6
34	11.55574168491522	0.21330919524926562	2	0
35	3.6747467159266254	0.7663143380743658	7	5
36	11.253225081188472	0.9119184112577632	8	0
37	6.898522176792946	0.7075039330704437	9	9
38	7.995222903219429	0.4276255881184682	1	6
39	2.9755068638367197	0.1799865250818744	9	7
40	1.76055895045273	0.7303270608347678	6	3
41	5.485443137793835	0.6228849943437063	6	3
42	4.769957522551927	0.19542660926444944	2	1
43	5.927947361541243	0.7973409907832439	5	5
44	4.745803619409807	0.021868097136090947	1	9
45	9.1367824624586	0.1992121937894673	7	7
46	7.541887360040998	0.8490389536890396	7	6
47	1.013732171840438	0.17561187923170396	2	8
48	7.3854090852270105	0.9865108385613095	4	2
49	6.272508124466766	0.7115736882647321	2	0
50	5.35558930138019	0.766866028935877	1	4
51	10.994961312561799	0.8803429360533035	6	6
52	11.704661346333989	0.21414111354380505	6	9
53	0.2594186261400244	0.7481821354073795	1	2
54	5.5057423724955035	0.9742498862379868	3	3
55	11.054178482580316	0.5968515613333977	8	4
56	1.7395791965564218	0.2764800187095299	7	9
57	10.569950114326911	0.1162612499182405	8	5
58	8.83442851199107	0.27751428820607305	5	8
59	9.464954553371916	0.2538289120348024	7	9
60	4.863925859369367	0.812851952474873	8	1
61	4.745567309196993	0.40316303930158337	5	7
62	5.051929016885446	0.2585516987986375	0	3
63	5.5452731855454935	0.9128025259279718	3	8
64	8.073784653662159	0.29179089955506954	3	6
65	0.012014857316301253	0.9415815767295224	3	0
66	4.625613190132178	0.9703636692858795	8	2
67	1.3341772571957144	0.6435389684348688	6	0
68	3.4850793508761058	0.8646050811466407	5	2
69	8.562468773204971	0.37363980461848945	7	3
70	5.261114940083186	0.01737402044607439	9	3
71	4.340708516130793	0.3499725173090751	8	2
72	8.657473019341353	0.6608140899160886	6	8
73	10.381936989800868	0.6605104848928671	8	2
74	6.249885978980872	0.8275599161743012	7	7
75	5.080820548396843	0.9647314066858369	3	2
76	2.739695989337679	0.7848083983257852	0	6
77	10.366966112938957	0.18805269425393534	2	9
78	5.1574277434202	0.32738860419491833	0	8
79	10.54380510507762	0.9469507261790459	5	7
80	4.887404351417608	0.7856704810326622	5	1
81	10.965140495693806	0.3393276590031705	6	6
82	7.850500393259422	0.47479647021958016	0	7
83	7.772051803932056	0.06991645440656347	4	2
84	10.624823145597388	0.2860020165253726	8	9
85	8.221182115232725	0.3354496218507036	6	6
86	10.980313186657122	0.39078341155331975	7	2
87	10.135588146693076	0.16759572628013508	1	7
88	0.12734906596695605	0.09808877161286778	8	0
89	6.551470655256255	0.8409643770601773	8	3
90	1.8396380750875974	0.6313885170815654	6	7
91	10.037227253486835	0.16357704565301356	8	1
92	6.950974573825437	0.5068738661288469	7	4
93	2.4046376977917365	0.24475984585221566	2	2
94	0.994475408802995	0.7546893449706634	8	5
95	11.127693543196383	0.31219071827986067	4	0
96	0.6613606365820872	0.6447846521744124	9	3
97	6.409975336858863	0.8072786502874763	3	3
98	8.969869411113718	0.15928068514768912	8	2
99	9.530547058345135	0.24340351407547167	2	4
100	8.3040986153358	0.7475971911494876	1	9
101	7.204897870224476	0.7294353952015136	4	2
102	9.191100922096323	0.46686545484746866	9	9
103	5.669636737178264	0.4953953714786917	8	1
104	0.5555089799259076	0.12466460356432052	1	7
105	6.993900192538124	0.34783574490404423	4	7
106	2.787105178894315	0.31187441561926954	7	2
107	11.450341193264492	0.5136156002760242	8	3
108	10.478837040398851	0.36386318723964717	0	5
109	0.9443859487739772	0.37299680902954224	2	6
110	4.090020284801023	0.29288958862922987	7	2
111	6.229653169693591	0.21514936741089075	5	0
112	11.035363775852442	0.4483578087989284	8	4
113	4.565529355729737	0.7570247119945517	6	6
114	1.2863987112351354	0.2605147316361226	4	5
115	10.078937897186147	0.6007937765089724	7	7
116	11.006430011672157	0.8810467182077152	9	4
117	4.722714763246464	0.39227983568749636	9	4
118	10.197988216882017	0.4129445789116363	3	1
119	4.506417506911381	0.49667539451012566	1	7
120	3.075157054457175	0.463092995882572	7	8
121	6.065318827218951	0.294104128775029	9	8
122	10.182203602844144	0.3709720001344218	1	1
123	11.357011753361633	0.12014651728139691	3	2
124	2.136698443264309	0.9555506792440688	8	8
125	10.119347888172053	0.422612288990457	5	6
126	4.438177783013796	0.31241698342894764	6	6
127	4.107830064826081	0.03366125837878553	6	6
128	3.2382935268953514	0.44378185385334024	9	2
129	10.769274904031596	0.7312826964519338	4	4
130	4.701937675977523	0.48949180275614335	6	1
131	8.157025641493828	0.2460657407014557	8	2
132	0.313095120203859	0.9317941119058526	1	8
133	1.8577260590853735	0.4846874133516125	2	8
134	5.181821102651714	0.6580610401608445	1	8
135	1.057291322403744	0.26497193625454674	2	6
136	1.9692045843710178	0.3550277150578437	0	3
137	3.625765329280838	0.08038430058449964	4	1
138	1.1739459366009544	0.46823314569636043	6	4
139	8.565524858065817	0.47314805722012243	5	6
140	8.266557191981882	0.5478310059286574	3	9
141	1.0993468265034703	0.5279553684010422	6	6
142	11.534820726483094	0.22484398273374706	3	8
143	3.532073628987246	0.921963149475412	4	1
144	10.26324622438365	0.9186818403946099	5	8
145	9.459631476542246	0.5617340462659582	2	6
146	6.760531875878794	0.8053449103997337	1	2
147	5.332149935247266	0.9524376424566797	3	9
148	0.9434162179960395	0.45408471934630323	0	6
149	3.5760449990662924	0.08452929853413227	8	3
150	1.7944815474454705	0.8839685836926385	0	6
151	2.0031193270623677	0.8639230216945701	3	3
152	4.2915421766470585	0.2007881161767734	5	4
153	1.4070378593975499	0.39871009163637083	2	1
154	7.340348442284176	0.021320874431414394	0	0
155	4.553995295096888	0.8881603496831219	7	2
156	3.9798980614361605	0.30313514458299584	7	8
157	1.8345860452251115	0.9053393055052866	4	1
158	0.4017980527200624	0.37459267175325606	9	9
159	5.352036252692544	0.662809438962102	2	1
160	11.959624528946563	0.0836031362216263	9	7
161	10.855362470336459	0.7303804669412352	2	1
162	3.80569474075716	0.9842557199078451	1	5
163	4.949218338285137	0.9055612124116977	0	1
164	6.785032985094647	0.5189053198909485	2	1
165	1.3867771481568214	0.11570608611544964	6	1
166	5.60308547843065	0.02507761829126487	6	3
167	0.8032890302265732	0.9566507741364799	6	3
168	11.529571226812653	0.7422469657604619	5	3
169	8.731490180551877	0.9840200465523614	3	2
170	2.012185261016594	0.959764969437564	2	4
171	0.4323074978801218	0.17195487979377544	2	0
172	8.237788600878673	0.7342843008027682	3	7
173	7.7088982450033345	0.0336814456533201	5	7
174	11.141712545079269	0.6735371474192569	3	5
175	2.3799221829251564	0.9016383531609584	3	2
176	6.5794121317048635	0.614254878900034	2	3
177	4.21887189227456	0.9925564226148146	6	5
178	10.143059572899343	0.5466967666904273	9	6
179	7.201676998833809	0.17414480778541974	5	2
180	11.683689628030407	0.43264659393334315	9	2
181	0.809973750982723	0.9242881761779382	7	2
182	7.910226650114082	0.14014511047429679	0	6
183	0.17759678903089382	0.4541630684192187	2	6
184	8.2422339292002	0.3479108854631294	9	9
185	9.611960155663938	0.7863804569141517	1	2
186	4.515448985592682	0.44239499144395433	3	1
187	8.50843054288401	0.0053246847766075245	6	0
188	11.619343946816185	0.9136914753966301	8	9
189	11.464716482976293	0.26744973969544483	4	2
190	4.757613193600102	0.6929633159290013	2	1
191	3.00191540076798	0.6435590760163346	1	8
192	8.52996889707277	0.6522180840023503	6	6
193	2.1199163854235117	0.10758283005786828	3	5
194	11.873188807796764	0.4218101706633799	2	2
195	5.433699721215621	0.2446181693663002	7	8
196	4.949134036544082	0.4772125692067275	5	7
197	11.777414277727864	0.2325337970234762	4	6
198	4.203739775798303	0.03847973477529565	4	7
199	4.6279504159689475	0.9780729391666135	0	3
200	1.1646965667729576	0.3301295384435208	0	8
201	7.006752295590239	0.8541791062174022	5	1
202	3.9187245172203693	0.21975537451028748	8	6
203	11.969403068998933	0.6814858228524021	1	2
204	7.369137791075204	0.5856722829170582	8	7
205	5.071840750480794	0.026824333864843175	4	4
206	1.8439228423933929	0.7073977773764083	2	7
207	3.894762280410467	0.7220856256515843	0	4
208	0.07218117162095083	0.008571259343904791	7	0
209	2.436908183307766	0.8873389927275066	8	5
210	4.106630052844021	0.03972062724544767	2	2
211	5.154507280765829	0.026575354670217544	1	2
212	3.5576909464203106	0.01544935583560969	8	0
213	9.172477625918209	0.4660230143710925	4	3
214	10.726685430609884	0.3631258184937447	4	8
215	5.10900138653848	0.8091339772455796	1	8
216	9.13146971405236	0.13611011770769788	9	4
217	6.455002727954886	0.7034218165678806	3	7
218	1.3344594105118204	0.3279332312989718	1	5
219	3.3765155841196366	0.39490509896416315	1	0
220	10.459204141913109	0.5163960241445416	9	9
221	10.67370849637318	0.8870849585459951	1	3
222	4.293933052201261	0.14928410734995667	0	6
223	8.48916658899409	0.6019417397340032	1	1
224	3.0320721547421323	0.8100188925145262	9	3
225	4.183299081660131	0.520263184658854	3	0
226	3.5574941559082633	0.4823801332279184	4	8
227	1.285672275845624	0.8540178428634465	6	5
228	8.14935717824449	0.648957417118692	6	6
229	10.560792687259267	0.4469829350691096	3	4
230	0.9179063124190536	0.7096629157976821	6	1
231	4.6464539391360855	0.2107017040048671	2	3
232	5.500103034754233	0.04915655750545034	6	8
233	8.064454833318587	0.3079226916728939	1	6
234	10.514635430261984	0.536603877148457	2	5
235	8.343951839537423	0.8859109374903398	8	5
236	0.8371330888483923	0.8923722496053015	1	5
237	4.188170249092243	0.33126857621652517	9	2
238	7.497532116278398	0.05886534411016375	5	0
239	6.239937631991051	0.5469642111131935	3	1
240	10.196609483855848	0.8712410719104465	9	2
241	5.324599172491531	0.6745897508530153	7	6
242	0.015290254521942437	0.1283929718878063	3	4
243	7.048272643361891	0.36937458158468317	2	0
244	5.167628652700316	0.7536515435197523	3	3
245	0.32708191451946345	0.4586475924142418	8	5
246	10.692034226688873	0.8511514714323505	1	2
247	3.0524484712186877	0.883139714453546	1	5
248	4.503149958512992	0.12348238369658227	7	3
249	3.4252822087411277	0.3549869743195003	8	9
250	3.1000494786111665	0.2597067566776199	1	0
251	6.505888377083007	0.5914954131168509	1	1
252	9.2126374101842	0.4298705743942963	6	3
253	11.22745433258671	0.5732998436001824	4	7
254	8.488510362181053	0.65347001381769	1	6
255	3.5202094366138597	0.6770059344502101	5	2
256	1.6499577995801142	0.21224843623885614	1	2
257	5.2747391313131455	0.3289454262902971	2	4
258	2.84180092141485	0.9804183401099538	7	5
259	10.995210542671003	0.5554315904425792	0	2
260	7.116272417201317	0.6991380927141863	7	1
261	4.168816483796756	0.23393274033950318	0	1
262	6.660980187006901	0.8928114683557655	6	9
263	0.28895558313074154	0.3263329672754983	9	3
264	0.6574922290557175	0.2137960015245356	0	2
265	4.3155158925473245	0.1732579808516861	5	3
266	0.11426508605523011	0.4627035525545661	7	0
267	10.827036511838802	0.5019781517550828	3	5
268	8.385999392270183	0.938752172189996	3	6
269	3.254581986271378	0.184191691988844	5	8
270	1.6093002351923982	0.9425131496652681	7	3
271	10.154952021143187	0.22034177434338253	9	1
272	11.811642337173733	0.24849609107894266	2	7
273	2.815421382794337	0.3206283507636758	0	5
274	7.2324161077157925	0.7620674072766127	3	5
275	6.961216888704328	0.8658865779469277	6	8
276	1.0616003243609358	0.5930171730377805	2	2
277	0.3338785612675359	0.39007507498213134	0	4
278	9.456846676897756	0.9974131415364931	2	5
279	10.949641791438276	0.17435178231386217	0	1
280	8.010459159682863	0.3693846158237736	1	4
281	0.24950970356164603	0.6235520040668202	2	2
282	10.684620692896043	0.8286494290431927	0	4
283	9.224781620437211	0.27611518773927635	8	2
284	7.539366880439921	0.9878031233085814	5	1
285	1.2656301605738483	0.8021234348474701	1	0
286	5.885582430638225	0.13151854161343113	0	7
287	6.868091435547931	0.978952740149416	8	8
288	1.0559415319494025	0.8896880487526286	1	5
289	3.168022013680195	0.6886762789942539	8	1
290	11.868806094084354	0.12221004664525903	4	9
291	3.9382977740499556	0.8083364933801391	3	1
292	4.660734010445543	0.7787985259539032	5	2
293	9.000577256711056	0.22681963477293732	3	8
294	4.297442991365317	0.35515114764728073	2	1
295	7.639374822392928	0.32287355174909593	5	2
296	7.984917581199212	0.9945138262807449	0	4
297	4.308806509487923	0.9226144361417105	9	9
298	8.124211083747657	0.709654836462374	9	9
299	3.3535734582739494	0.9914910616723144	2	9
300	4.5197618116341065	0.3767434838417242	2	0
301	11.605918524208894	0.6598358307092469	4	2
302	4.417169262055827	0.6320759038714958	8	2
303	6.534266805420781	0.8022923222153523	2	9
304	9.41656417407202	0.6442717383779456	6	0
305	5.140200133125202	0.09886602131788869	8	9
306	4.801091300312057	0.12684099519051018	2	4
307	6.356037000978245	0.5402087599274431	1	4
308	10.235860300455393	0.9231622099031079	9	5
309	4.7049824907798765	0.3266527002279981	9	9
310	10.883356850599142	0.23492524266541004	2	7
311	5.378061965944359	0.35663034313806075	7	6
312	11.479344695555262	0.713287579914538	9	7
313	2.960214448372311	0.37468237802649873	6	3
314	7.385328112067338	0.31604953150642945	8	4
315	10.652671932451494	0.80495227560172	7	9
316	1.0035862771215052	0.6005183264387636	4	1
317	3.0359353255558013	0.09516306302853828	9	7
318	1.0716467529799867	0.3250300579696914	7	1
319	11.89167704708917	0.030584302942009534	2	4
320	2.749240635723643	0.7134154582290305	2	8
321	7.588348741834691	0.7550515803934768	7	4
322	9.888541174004143	0.41112568770942426	6	4
323	2.3810515779151658	0.37431913894563773	4	8
324	1.2438200784624729	0.889217925045693	5	3
325	10.344302885575107	0.5165644514408875	6	2
326	4.836911325236107	0.3220671611795498	0	4
327	0.8075676351791623	0.19306872023244892	6	8
328	5.003070326963243	0.6716527744768365	3	7
329	11.20115070600396	0.2106721675242741	7	7
330	4.784664951236386	0.032795261874878245	9	6
331	1.5748932085231155	0.8855459162803017	4	1
332	10.452834110003709	0.6671950549979547	2	8
333	5.779210419591729	0.8903831842010334	5	8
334	9.536027921845957	0.507563586833316	7	8
335	10.371416276946418	0.9432584144021035	5	1
336	8.313762155236379	0.2718322399809553	9	8
337	7.120106934540868	0.12489133324639679	0	5
338	11.28599863238731	0.3640376564655954	0	4
339	11.911809787956926	0.2886110986276823	9	6
340	3.8323467674485174	0.6355367901662247	1	6
341	6.695094642225161	0.5829919763548179	7	4
342	1.280448329834789	0.20413378583297137	0	3
343	6.356409158113284	0.7245048174218335	2	7
344	3.174849450213739	0.8710854105251992	5	1
345	10.801665378874207	0.7286601944910734	0	3
346	8.613449256009805	0.9609617801063967	0	3
347	4.308523271008362	0.3791052069465983	8	5
348	8.249633791672132	0.9741760042728439	7	8
349	9.322641860494588	0.7140813219747966	3	9
350	6.035554839571251	0.04646019138879487	3	4
351	5.380615468012487	0.8688581079198232	6	1
352	2.890699530018647	0.16989972259226915	9	7
353	0.5965557188006976	0.4987271558259099	3	3
354	3.862666979672192	0.3049489661435574	5	0
355	4.484262803780986	0.5729831252096748	5	7
356	9.773447107580202	0.8040781710212171	2	8
357	6.452855937691413	0.7153164164995603	8	8
358	3.696633539818531	0.07581070450827976	8	5
359	1.3596718048533694	0.3076679146927055	7	2
360	5.065627491018788	0.29340096863082343	1	6
361	8.573730292033332	0.43631207615394285	4	5
362	2.5208739488615683	0.40987399768834987	2	7
363	1.8624961966108264	0.32507018800774956	4	7
364	9.552731506025026	0.8896255344657712	5	0
365	2.0593763857215097	0.36713936907506606	0	3
366	9.26953086219086	0.4301310710363613	4	1
367	8.960655049192011	0.7417880639375195	5	3
368	9.404557071253379	0.12066581124004028	7	8
369	0.23520924522161835	0.783381648518943	7	6
370	10.627830115214138	0.4345925305747511	2	0
371	4.4620195380135215	0.5828474778569375	8	5
372	0.069732208771351	0.7325653033828067	1	3
373	9.849604242272047	0.9328268772073978	5	1
374	11.746335959750217	0.36729304824768005	0	7
375	3.282058387052246	0.09311320917854082	5	1
376	7.592822306679508	0.589979237697122	9	3
377	3.653111786482087	0.5276636527877829	7	9
378	5.299596403985903	0.8593016399529089	3	4
379	0.5620567268766195	0.050189016495028604	8	7
380	9.369360656797067	0.44577060607729524	9	6
381	5.652791327297942	0.8080701879413664	4	6
382	11.341012583908817	0.6689005870189212	4	7
383	0.6262398757480305	0.13537077078204207	9	7
384	6.346772138926733	0.34866015259291394	1	9
385	0.012155390315637504	0.9551728936122958	3	7
386	6.086456736243511	0.008500947970312644	6	5
387	6.884160992895868	0.08083139385379401	9	4
388	9.212020074237463	0.44309241224546847	3	5
389	5.081636211742708	0.07144475794248917	7	5
390	8.340737911349008	0.906533178702751	9	4
391	7.1353486136425115	0.06339262615542518	1	2
392	8.910837388285717	0.17218563162569633	0	1
393	7.473472198201527	0.7898462293795745	2	2
394	3.09336002614964	0.8468391551534055	5	3
395	10.381768904669737	0.46172457069355544	8	0
396	11.009410900506015	0.4654924650134312	5	3
397	10.629792175551348	0.1256877073690964	6	9
398	4.093123151781542	0.8667415021800947	0	7
399	11.331145054729772	0.8368716489859226	2	2
400	11.149944772640577	0.7396924398079611	0	4
401	2.670388535075934	0.2675999724186422	0	6
402	3.894294795726678	0.09988111329372551	4	0
403	4.032973089669654	0.9090884227114014	0	4
404	4.769231837812213	0.35004831856484	9	4
405	8.608131172228111	0.37347368306186124	7	7
406	2.681968141145177	0.08153928348872841	4	8
407	3.6872288368152453	0.24880833352808318	9	8
408	9.201335142706998	0.8913861712032605	7	0
409	1.0834091279652482	0.568844523653057	1	4
410	11.84888188840883	0.3083441408838856	6	3
411	0.47917802772205276	0.4055229591596783	0	4
412	11.96080177621846	0.5067460737311549	1	9
413	2.997555092389975	0.47192967733778635	9	7
414	2.6111891826529554	0.654134585753333	0	2
415	9.227758681773299	0.04840972569594393	6	9
416	1.4295519580680498	0.8470124551126367	7	5
417	5.185353076733165	0.6930026456611709	5	8
418	6.317273917214837	0.9451525085434984	2	5
419	4.012490441033368	0.4864298700018137	6	1
420	9.81787083841442	0.3623587972029819	2	9
421	3.053003811479959	0.93681843844635	0	8
422	9.320410193626307	0.15811463741287524	3	1
423	1.4019020799737434	0.4977544266049091	8	7
424	11.81904705475435	0.8815737023018858	0	0
425	5.099056728544463	0.39154988133849444	9	4
426	4.333386635481808	0.030971520661877583	9	7
427	3.2865997343768543	0.7944908688993843	4	7
428	2.70787381656693	0.11150384038304129	1	8
429	7.823404768596115	0.8513907503086013	6	7
430	3.9637004205827404	0.9230377139514181	0	0
431	11.98792628400877	0.7861816170077062	9	2
432	4.340459911818439	0.9490548317277855	0	8
433	10.359839154774	0.8129065104701259	7	0
434	0.42025533722550223	0.6774559919639908	7	7
435	7.70401518952566	0.9981248724368034	2	0
436	6.070666219242925	0.9576147659656088	0	3
437	9.121124035585169	0.8359076918007234	8	1
438	3.8724248858834764	0.27863711472279507	1	2
439	1.4445246313295321	0.5966846081143015	8	4
440	1.8557014446361735	0.7796605055481194	9	1
441	10.115193603987617	0.9727367426282691	4	3
442	4.408100858635632	0.3722180964807741	1	2
443	7.510949726861398	0.30976181195893837	9	3
444	8.328566141647746	0.9567448332345536	2	0
445	6.615245547998102	0.9036200840511179	2	2
446	4.14858473266864	0.33154477614576117	2	3
447	0.7608968680550334	0.715772166953114	1	7
448	11.271247893198778	0.38475694709167074	3	7
449	1.9695667953619704	0.9675154355354305	6	2
450	8.359748107435054	0.7285272908957962	0	1
451	4.748510375026461	0.8524809321394349	8	2
452	10.470146437817444	0.3774727794324618	5	5
453	5.365450128477502	0.6966089704493241	5	0
454	6.819799445750595	0.5067105928746354	0	2
455	1.6937882806909288	0.12656221472527684	5	8
456	7.06641958609875	0.82266731288221	0	8
457	0.400175162519381	0.13940674414093357	9	9
458	11.004399758668473	0.206062353178606	1	7
459	6.149203945850173	0.6525960313810191	4	2
460	3.5646409180073695	0.8619952518201324	1	2
461	5.0188359108015925	0.7742533957271169	0	9
462	0.11141350308433173	0.22884098164727895	6	1
463	5.907315769989431	0.7491022775634387	3	2
464	8.333151994724167	0.4853088975941582	6	1
465	9.736674315895304	0.3002763532055761	4	8
466	8.767740432990436	0.48241466146040257	5	2
467	3.5524898326364673	0.2485824233135524	7	8
468	1.5290728011494643	0.6395007711540612	1	5
469	3.2007370172150464	0.7071773083323462	2	0
470	0.7765914057044045	0.8817619840098946	6	4
471	4.36569969310386	0.0906325942965217	7	0
472	3.3416535352324748	0.3505004975807804	8	4
473	2.3259337279280294	0.7395899955939341	8	6
474	5.673179828077041	0.724007715160712	8	8
475	2.172823197036411	0.402055051965429	0	5
476	1.8726564929437246	0.2432309178093942	2	3
477	11.387340408108017	0.296479381354225	7	4
478	3.140582643785094	0.3759126480763654	1	6
479	5.660305784494799	0.5858593423178036	8	2
480	7.518291107689361	0.32369229445265624	4	9
481	10.886870090264514	0.20697770239916002	6	8
482	1.6618454882134714	0.9822158288371198	5	2
483	2.768680723494088	0.9026351889345614	9	4
484	0.7084875398050934	0.18734824732663935	3	5
485	8.972706909944929	0.42597873655378493	8	2
486	1.0771349760907936	0.5065076756941975	6	9
487	4.754335043170014	0.8356109371910024	7	1
488	0.34172706240225414	0.9115822423990815	0	9
489	10.463098794041557	0.16877711721309663	7	6
490	2.9633670525926337	0.5247369798598119	2	3
491	11.392195913943912	0.6425716784170866	2	2
492	1.4261774091741888	0.027585014228815763	3	8
493	1.9898962552965993	0.672022089598216	0	5
494	2.016813142250848	0.5142545083901648	7	7
495	6.252639547816582	0.5469342003364811	1	9
496	10.87375632665686	0.3362931664931329	7	9
497	3.516342887580311	0.15056603316050743	0	3
498	10.074814134804575	0.04185274706938291	0	8
499	9.583859184623329	0.3277121152841034	6	3
500	3.551488942004117	0.3881705103191493	1	7
501	3.7164651661658645	0.9237139236591997	0	5
502	8.352278002214476	0.4621610407497302	5	3
503	6.198769612692027	0.4330429393110474	4	7
504	6.96921221538733	0.8757480144090751	2	0
505	3.803268183202887	0.030373969804859846	3	5
506	1.747344241086922	0.46689657706678	5	2
507	3.783752644936017	0.19907609575806728	6	3
508	1.8186747221644142	0.09463405470744202	6	0
509	11.67629313801427	0.1961961323860908	1	3
510	2.9159410981079534	0.5568198612454129	6	5
511	10.850147333836393	0.9358935909849394	2	8
512	6.912731516889139	0.8011768118604121	5	0
513	6.510072938068305	0.5474897382450542	9	4
514	1.3574050684536405	0.2945146036690638	8	9
515	4.059667558039507	0.229636518786956	0	5
516	3.942922158183141	0.8147933194625137	6	0
517	10.85177764206614	0.7101554104534946	1	8
518	3.523451905652777	0.29312335543769064	5	0
519	9.244828671996803	0.6854268465602446	4	9
520	4.916644213566014	0.5529233911903679	6	6
521	11.8933470313025	0.10835924325918878	3	9
522	6.278085846058733	0.2692647871419285	6	2
523	0.665993877114095	0.3585345241353748	2	8
524	0.8697672954177325	0.058344254494889114	9	8
525	8.596218661728297	0.8628030140794977	5	9
526	8.77868451227046	0.4763350432568628	7	7
527	10.933502733670696	0.3145588885471001	5	4
528	3.436079563176543	0.9181944068770872	0	4
529	1.2771617019479136	0.5488011909181305	0	5
530	9.333916087778315	0.8742012859037924	6	2
531	8.220806299412466	0.9197879848623177	9	8
532	10.118512270748774	0.18239313735693963	5	3
533	3.364384658668284	0.597422250285508	0	2
534	8.052034415746583	0.9470080026790012	2	9
535	2.0851577670340844	0.1993010606040133	4	5
536	7.744256378894372	0.05865662907072455	9	8
537	7.2057533970309535	0.9921660792404228	8	8
538	10.868312107500214	0.6164111200637741	6	6
539	6.654058094118808	0.3369779880795173	9	4
540	6.385638618819947	0.07354943241716205	2	3
541	9.096476692738204	0.4058191758380427	2	5
542	7.1217731645695395	0.8111848699215991	5	9
543	6.532241541756127	0.00665603729208486	9	6
544	11.459905177508539	0.23978395585298684	3	6
545	6.825742559400741	0.13045065780654197	4	4
546	9.003971291821241	0.2869038876456961	1	3
547	1.8988192164258266	0.20499113838372984	2	7
548	9.797145475742047	0.272766494583529	2	7
549	3.511231350083927	0.5848102268439981	3	8
550	11.666816231307578	0.23235215448145374	4	7
551	7.8905906238642425	0.9721287609280373	2	9
552	4.323019831403569	0.538842463757589	1	7
553	2.723218012359777	0.2739541904395426	7	1
554	10.437006331068655	0.8053321007163173	5	5
555	8.321031642845712	0.5041713334068427	6	8
556	6.213712903322831	0.6809960648387854	5	6
557	2.196583755884529	0.5948762059272898	1	3
558	10.9561093480418	0.5787072470007583	2	9
559	0.028632771117637734	0.24148729283069148	3	9
560	8.120462331420297	0.8811835192095376	0	4
561	4.127674054501702	0.10448846987689697	6	8
562	10.9879059647178	0.41749884670397786	2	1
563	0.04404911241396947	0.5140149987520393	7	3
564	5.414728500697322	0.98664393380301	3	3
565	1.0410797298279357	0.45159489517858176	6	5
566	3.014633728266041	0.5308792601878557	2	7
567	5.40197963872326	0.6629497363522634	9	4
568	3.4641323667774437	0.07778316766941407	5	8
569	7.590523447984367	0.8480870712202184	8	6
570	6.276115846370077	0.9299953099796981	6	2
571	4.135898925527551	0.726869840548722	1	6
572	2.951662763776308	0.30973495577254595	3	7
573	1.5945155067574523	0.9403498380872121	3	7
574	3.4494743026998593	0.19634562282626278	1	2
575	3.655999392979883	0.19864492536874256	4	0
576	6.33817588734993	0.6833734961230747	8	0
577	2.464003180062876	0.6373367086594912	6	6
578	11.216061501616032	0.8458384410279994	4	9
579	7.5220237541789725	0.5463183010183404	4	8
580	2.24950542866221	0.8199550165661093	8	4
581	0.4840490112519875	0.22556634323042402	0	8
582	4.412644733570339	0.12411803669239296	5	0
583	0.5529644913033467	0.875498365252519	5	0
584	4.967065600417746	0.6292318498151067	3	1
585	10.133958587399647	0.4503324745076369	3	9
586	5.610992566055343	0.23739637424249338	2	0
587	10.327225813870527	0.7112750621425354	1	9
588	4.059840004734022	0.2181189154054347	0	9
589	7.26727778869582	0.789651749923041	9	5
590	5.114765398431645	0.14958333498635623	6	2
591	11.137655786960238	0.9570448550146083	1	0
592	3.352164161295553	0.665169892948931	1	0
593	0.08209473309526327	0.5414212294571377	6	2
594	9.953925212484442	0.36837194510183613	5	5
595	0.1120976443292685	0.29167332523371947	1	1
596	2.567844893822671	0.3574230936899784	5	8
597	2.037009091637597	0.867630287207876	4	9
598	10.636187222324425	0.5028047042932506	3	9
599	10.97049395632342	0.079355933905644	6	3
600	7.985085002098298	0.6304855236569564	5	7
601	9.411717690738932	0.9777642584993551	4	9
602	5.978876941479303	0.2266179943289155	2	2
603	3.1668244015610787	0.6250933629080124	8	7
604	7.386020417967348	0.2743008995499857	4	9
605	2.0264161164935457	0.5673540527199992	2	1
606	3.4672424664259083	0.2673002959794717	0	2
607	0.2696986767381109	0.004910763047525579	1	8
608	0.1756657192880282	0.08659110015888694	5	4
609	1.2427372226215834	0.5430941114661887	5	1
610	9.005143965466665	0.4772102847642318	6	7
611	9.822529900702287	0.8124229528313968	4	7
612	0.63488793401191	0.894591284416685	9	4
613	2.6148348850338707	0.373744328110739	9	2
614	11.34761068449539	0.7433013781845744	3	6
615	4.592365381465525	0.5774235576540389	9	9
616	10.169365692122375	0.20887820793749556	8	3
617	4.518063262287765	0.7408896197538757	4	1
618	2.8297578712203473	0.3462313537108236	1	8
619	1.7813074789572645	0.9642515878304625	0	4
620	9.835073637540942	0.678203270919609	8	3
621	3.664689469742892	0.9849500036148373	6	2
622	2.979222623931902	0.870612100941927	9	4
623	2.6493573323818387	0.35422285971007583	8	7
624	5.304617758475027	0.8710519057800902	3	5
625	2.5940180657107215	0.6433401191830208	8	7
626	2.81886211374282	0.00740396799023002	9	6
627	9.57557953755808	0.44214438994649674	0	7
628	4.1543589292651895	0.2926688469969718	5	7
629	11.140593955625857	0.2640481870539959	5	4
630	7.459239199148023	0.7277316349814765	4	8
631	4.343150420698009	0.8526305395630549	6	7
632	6.344303076130473	0.1644436535299333	5	0
633	1.6032712512489122	0.6235770620100559	4	5
634	8.333240525017736	0.35537802529801177	5	0
635	3.0371096652828093	0.6828422793968391	0	6
636	11.208964880604384	0.46720947066818286	4	3
637	8.305609077838275	0.9497851762649656	9	5
638	11.683371526856858	0.7879520352004821	6	3
639	4.464356733542479	0.2987588157860963	8	8
640	7.839989301680282	0.2689320800135522	7	3
641	2.6444634011949866	0.8215848359245941	6	4
642	0.8691530942382335	0.1442557203578161	6	6
643	3.5833723523286647	0.7721961038742386	8	4
644	9.869540965715391	0.0936366727087583	6	4
645	0.41872764997191325	0.8778650243694818	7	4
646	9.844290635870916	0.5464328142868449	6	2
647	0.3126626164427284	0.9538515290625822	9	4
648	8.398125488265492	0.8923391489101428	6	6
649	8.477640974195161	0.3371053172446239	9	7
650	1.7123610517161278	0.645063029862469	7	1
651	5.84798372365673	0.15242866113297338	1	9
652	6.176439778774564	0.2598273599995994	2	0
653	1.970028182335973	0.5521452078481467	2	3
654	9.959832914776532	0.8782919116705247	1	8
655	6.774013876157719	0.27635326106178826	4	7
656	3.4013734384441516	0.7530753057302615	1	4
657	5.0707826648313965	0.6944723869585633	6	6
658	6.318300635587118	0.6123080467018821	0	6
659	10.260174263573557	0.7244002910722213	8	3
660	0.02901992612032922	0.24457077180752318	5	7
661	8.32502562518365	0.9542106795867812	9	8
662	6.15914262959773	0.8219591953162604	8	9
663	4.259801067545242	0.5444493746276687	5	8
664	4.003965297133691	0.8959587168748383	1	7
665	1.4221351493685344	0.8666261250246265	3	9
666	7.867939503023867	0.07106072160170296	1	9
667	3.6477865518073798	0.2757211774248932	9	0
668	6.95043341519732	0.6591144859714302	3	4
669	7.921012306719362	0.2083560613079951	1	2
670	7.731601758376011	0.020575721290095328	5	9
671	5.403484888071313	0.08387220395840622	2	4
672	4.7557312678583195	0.33650488417562885	2	6
673	9.095960182144633	0.05662602255788207	3	1
674	8.125651430285792	0.38446648898561075	8	0
675	3.799156078003576	0.6460781773254997	6	3
676	7.138349454836163	0.6691538415055235	8	4
677	1.3986733404116323	0.9823312070006899	1	0
678	3.0523847964271456	0.5280256874450536	9	4
679	4.867781888193502	0.6333262974033247	7	4
680	6.9577202277457735	0.14038972608480915	7	0
681	6.81574342105332	0.47576875579688116	2	9
682	10.043007990562904	0.998915859070524	8	2
683	5.530564707765043	0.5469067846197968	1	1
684	2.9869431249503022	0.49834081109835837	5	5
685	8.114304759877795	0.8021569984466511	8	3
686	4.156879335841394	0.904824743418053	4	0
687	8.29943062669339	0.9529654330136935	4	6
688	11.27584063074214	0.1939736920767371	5	2
689	7.585114604039365	0.16409145056847863	3	8
690	8.62374222626838	0.7309460965521125	8	4
691	4.584638507395467	0.22846742328174563	4	0
692	5.75030731436104	0.37564512668721894	9	5
693	9.8638761429674	0.5749290707791982	5	1
694	9.005336574428028	0.4002758757495425	8	4
695	2.2424573823707266	0.14807744633411069	1	7
696	3.8271438447317787	0.7862478566856262	5	7
697	9.143904907117395	0.6013010121021061	2	6
698	6.365549528996269	0.4463782946902066	6	5
699	10.796599089332418	0.3222693314777475	3	4
700	0.10536460686361204	0.5996246427182592	7	2
701	4.890968641546615	0.6372590281989847	8	6
702	7.123339548106634	0.03818898016037564	7	2
703	0.46715417595170994	0.4666192676363674	9	9
704	2.5950027261135236	0.4259733649689258	3	3
705	0.881762092202174	0.7617370045666236	9	8
706	11.191086939831237	0.9890132146756363	4	6
707	9.01048772068531	0.9777037655841289	7	5
708	4.543318479027377	0.1022017942537029	4	5
709	8.812428983649106	0.6657288933442418	9	2
710	3.8381876578804732	0.2067345738244052	0	7
711	3.3577031899272676	0.23570369784202316	1	4
712	11.955880344144688	0.8880470685249641	9	3
713	11.008991647153579	0.5406766111701535	5	8
714	8.503469965336533	0.5926895633140236	4	7
715	2.6596345278671083	0.8126596638892439	4	7
716	2.4175198413593617	0.2912145369598864	6	2
717	8.634038224020102	0.6832341167460941	6	4
718	4.731609285647655	0.8220429006080491	2	6
719	7.860552933298475	0.40622267647457	5	8
720	3.6906660791928427	0.8989078604624222	6	3
721	0.655869705847262	0.3570891276834358	0	8
722	10.35724718238528	0.573380634589325	1	5
723	7.543834665946292	0.6088372595295891	1	6
724	11.44845486415003	0.6406077835568974	0	5
725	10.474979546766363	0.28727483831865475	8	9
726	7.02914803695281	0.6424261137634102	0	8
727	4.905800409893017	0.29933874308323616	0	5
728	0.924004054191566	0.8583030496031298	0	3
729	9.795238146280854	0.5305756807138703	5	5
730	10.009008193537511	0.4375288109697417	7	5
731	11.248256073553598	0.2822712118809768	7	6
732	9.194951156725274	0.5326320575417848	0	4
733	1.1475927563447685	0.7535798994033596	0	9
734	8.714294132111974	0.6886348355812861	6	1
735	9.091533349471806	0.34963407033761407	8	2
736	3.474682058675601	0.43176632133628967	2	1
737	4.789197463947016	0.2262010610695916	1	3
738	7.813680811563216	0.3045449049504825	2	7
739	5.138146833224814	0.33426407859334706	5	2
740	11.903354608250389	0.05988301574098609	1	6
741	11.633905541622447	0.07625494397583299	7	3
742	2.2564053228366188	0.524090546373373	4	3
743	8.825897923166442	0.041377895502099804	1	1
744	6.218099441775212	0.8864163853411814	1	2
745	9.003207379471508	0.5814837855709548	7	6
746	10.949895946322883	0.2401184329116245	9	7
747	10.921664559669631	0.2249742295972682	8	0
748	6.980133684097793	0.45582505160106834	0	7
749	9.049567882233879	0.9391684900319346	8	2
750	4.7357334601354	0.7901738013792765	1	5
751	3.839219613671048	0.06595292969839994	4	0
752	1.2488015608136926	0.9924995800741778	0	2
753	1.281378279579907	0.4007150371613448	9	1
754	0.19210873582285926	0.5302142111130942	2	1
755	1.6150632693986569	0.8272822665646872	5	6
756	10.459461751570672	0.5691015678618532	3	0
757	7.080886878578892	0.688572762484123	7	8
758	7.627461599720107	0.1520126904359861	6	7
759	10.920732010262036	0.7570144863339838	9	3
760	8.049381910346998	0.9099944376654158	7	0
761	10.156778448340528	0.5019310133890836	0	1
762	8.542620321395443	0.40613829177452043	8	8
763	3.7925814297483296	0.7508812945733254	9	3
764	10.578452660570505	0.66787081998936	4	3
765	8.510285360783946	0.6101806029251522	1	7
766	4.275248744797229	0.39496635380250056	9	6
767	5.144199027337039	0.9616040912124008	2	9
768	1.6242949841335288	0.24884373766016343	6	8
769	3.397960891651486	0.7197778073789938	2	5
770	9.36050760802372	0.2677346373278636	7	5
771	11.318309253394538	0.5481970829934514	8	2
772	10.443253962473884	0.43259843584459223	8	7
773	6.591238972227591	0.649335514371688	0	8
774	8.26792000984439	0.46883571948148106	7	9
775	9.16623237660754	0.26717671385756936	9	9
776	2.5821543634346606	0.7839654471522827	1	3
777	5.2269711197898685	0.6733017007659715	5	2
778	6.457546592267212	0.15074587315481236	7	3
779	10.204133127655847	0.5024964758608912	5	2
780	4.496051664973368	0.0672702730555571	4	8
781	5.512266307487165	0.6331999619569144	2	3
782	3.753937102145455	0.6194906577997543	9	1
783	2.0696441524596536	0.5394717132846257	0	2
784	2.944229727424082	0.8010410726675964	4	5
785	2.349664680674516	0.4332675568958644	0	1
786	2.7576763265432365	0.09178093016545119	2	1
787	11.852934733933887	0.038317003820828366	9	8
788	4.2834136683242665	0.8268633794156734	5	4
789	6.673522573048615	0.8373775426889297	5	0
790	2.4484619403764794	0.6082832798728154	0	1
791	2.8490829225438055	0.6133626215484222	1	8
792	3.6542453323091224	0.6325519185320977	1	5
793	0.43985989378746115	0.6355470169483955	6	4
794	1.538955474630824	0.9647031393691665	4	1
795	0.17217980977553005	0.7068590188271823	8	7
796	3.812020493026661	0.1300136623733016	7	5
797	1.8691200012388038	0.1583017208084393	0	8
798	5.318330291104675	0.7339033264887211	4	0
799	5.52220552177247	0.13516106193330413	5	7
800	5.091261057803841	0.9784634197480789	6	5
801	9.932460297094016	0.6406722579565667	7	0
802	5.29149088746815	0.7559570781806112	8	7
803	6.2231254689000135	0.06771632189946597	3	1
804	10.605082733485638	0.0022523835907501955	3	3
805	3.3248817884025974	0.2358188584151294	7	6
806	3.209568489906024	0.5932278467174061	5	9
807	10.08126067862541	0.16530678387404674	1	2
808	2.0900727522671683	0.4512010963581514	7	4
809	7.670663199250733	0.481779045438681	8	8
810	7.783730984698118	0.9144796638195687	6	1
811	0.9936686827403163	0.778906482898918	1	6
812	3.3315449381395377	0.28698405884269207	5	7
813	7.977881056617679	0.5715091823649494	7	6
814	8.297371367312287	0.585466075964091	0	1
815	2.664763002226993	0.309968399048689	2	1
816	2.514241597760864	0.10460467044782806	7	1
817	1.2273545927057508	0.12675740580475447	4	3
818	5.376584898205625	0.5489794686970212	6	5
819	0.9132242380087208	0.9265971728946589	0	2
820	2.4313675908369534	0.9782415923962313	9	6
821	5.601215425690982	0.14582658957012196	1	5
822	2.6061907475020782	0.19730713046156712	0	0
823	0.1294363167853927	0.8881370098543842	5	3
824	6.420299251863254	0.9954577942668338	5	6
825	9.821517031909046	0.5290445459722786	5	1
826	3.630853398320043	0.32917432580814465	7	2
827	2.4554627469528363	0.4760283162571529	2	1
828	6.773629887987477	0.05472691466837509	8	7
829	4.1197681381860125	0.2037688123164414	0	4
830	1.0609456906325692	0.20008098624349602	0	0
831	4.293770268089589	0.392065720921261	2	2
832	5.365589524048939	0.8374121945534746	9	9
833	10.003145124242701	0.8272397656849649	6	2
834	9.459430916377993	0.9410783035438316	5	8
835	3.9647790631071262	0.5410037355443996	0	7
836	11.378456250733409	0.06051787986177126	5	2
837	10.21235501712086	0.299020707654992	7	3
838	0.6512227791062162	0.2756205353840009	1	4
839	7.54441320191895	0.5480460399065734	2	4
840	2.315737358770789	0.7245675082764382	2	2
841	8.059335941779349	0.43276221586455166	3	8
842	2.768539856966235	0.5507492122477371	4	1
843	7.665359576370168	0.9161155458266946	1	1
844	2.406752636327271	0.15595480485633395	7	7
845	10.659321001096343	0.1770903838473269	7	3
846	8.588052775066807	0.7792106660745963	8	3
847	8.341337066806659	0.1920057733464996	3	8
848	9.251889436297242	0.24810783734351005	3	4
849	1.2084741051572747	0.6218897345691055	8	3
850	10.510112931643013	0.8614249102966872	6	3
851	10.226155951687323	0.8487641057658142	6	3
852	1.8653466804267405	0.7129383843150259	6	8
853	10.96334455316985	0.9121750279857006	7	9
854	11.78184351542704	0.7282765687116605	6	1
855	9.2408317207573	0.7476251470749504	0	8
856	11.384875123843804	0.07854394106268603	7	5
857	1.1396938502282286	0.532358202486389	9	2
858	6.32374469830187	0.510894579981451	2	8
859	8.772203953730784	0.12320402500357686	8	3
860	0.6588760021392135	0.8473815286433886	2	3
861	8.857074941813616	0.750054789296012	2	0
862	0.2876017538942941	0.8541057132614446	2	3
863	7.6542111965138595	0.6867193362131837	3	8
864	8.442759574276833	0.036153707729442375	3	6
865	6.910071140991544	0.1758957003500894	7	3
866	10.115168178589903	0.09456109927410672	8	8
867	4.000756174579506	0.020995582193156337	5	5
868	9.150283001757675	0.6259964349808321	3	8
869	6.140562899830479	0.1718173637483409	3	8
870	3.007406433570345	0.182851233750848	1	4
871	3.966053794407891	0.8506744419397471	9	9
872	5.058101617486937	0.8436786609216615	6	9
873	10.410957651209149	0.2635639970217072	0	8
874	9.968038506802966	0.49689803368452334	7	7
875	3.5199423296903336	0.5078690774244798	2	8
876	4.694958574649885	0.0995972645315949	2	4
877	6.581918376291698	0.29360326924846003	1	8
878	5.638193647851564	0.6409744980438038	5	6
879	2.1859598488291843	0.6671146155251846	7	2
880	5.777284034332602	0.39415942260165626	9	7
881	7.4039010512084005	0.7803664991249257	6	9
882	6.441066395019227	0.3225165325929191	6	9
883	3.9085825410204857	0.2237260627721619	4	0
884	1.720222910814171	0.3132784560487014	9	7
885	7.265145070496677	0.6970019629352638	4	4
886	0.8780932204039846	0.32428772912781256	5	5
887	7.349698785494428	0.4947009132332766	1	0
888	8.824491392239352	0.014639154728132486	1	7
889	1.2580797223027473	0.7246871071134124	9	5
890	7.696061488386353	0.5869095636126369	3	6
891	2.0478137620172654	0.04282718778620298	2	8
892	11.7065555238952	0.0927284468719548	1	0
893	0.9446401366114809	0.4999464035463821	1	8
894	7.605937504327169	0.7785272948496388	8	4
895	4.99494716269314	0.37590098528706617	4	8
896	1.1604456648437345	0.18122474112158016	9	8
897	6.0936395381314306	0.37399480031915977	8	4
898	0.7584451580199771	0.9243192288793475	5	1
899	0.6760748683288047	0.5909490971348506	0	8
900	11.675496114294743	0.07300919267854256	1	1
901	8.780415163759862	0.6979981351550755	5	8
902	3.2145688010151554	0.4505348270391003	2	3
903	5.445500345782921	0.703462061652522	0	1
904	6.973480708345027	0.8893704422999058	7	9
905	8.515755923255313	0.4709511555463498	0	4
906	9.020573417146675	0.7282740876211474	8	8
907	2.943686408192333	0.020750213708179532	7	8
908	2.235624694534335	0.7732314203092667	1	7
909	1.7785984165687152	0.6666170814043023	7	3
910	10.30697094411002	0.8823692245767873	8	4
911	4.936664980195619	0.5601973170770452	5	1
912	2.0253633575884384	0.49563384613819705	5	0
913	4.317757881224095	0.707569441849595	9	7
914	6.065037801170625	0.6375205960589497	4	3
915	7.675082332919093	0.974121054476443	8	2
916	6.240116472456237	0.25049249306531507	2	6
917	8.767201200092053	0.37339701592999863	2	4
918	4.484238144868907	0.8214509816888589	3	6
919	8.001924252433703	0.37110610451730563	1	6
920	3.037931206367893	0.031161828481901854	3	4
921	6.96381600217233	0.7426677757611926	5	4
922	1.4927464304673443	0.07607253310262485	5	4
923	5.930047818022917	0.33603628342478287	7	6
924	10.463290304815231	0.04342902416712302	7	7
925	1.492203078768224	0.5405885868159762	4	1
926	8.98410499394064	0.766743448744263	6	0
927	11.227284383570236	0.5520927900916929	4	3
928	11.790573779772586	0.7268245123830782	9	0
929	0.030869500364965052	0.7885636720799454	3	3
930	1.572468361125106	0.6257728159030785	0	8
931	10.573812154242418	0.7952338394696606	1	8
932	6.7767581956916345	0.6657983723540709	9	5
933	3.155503813326778	0.10866327253110641	4	7
934	10.502520769336515	0.4519526425914915	7	0
935	2.197335067961488	0.753635606719519	8	0
936	8.790616047573131	0.5877248774305163	0	7
937	5.066936024771218	0.6098078904922862	1	9
938	10.191856250646328	0.7033639356164756	6	3
939	7.838191560442322	0.8726758776981804	9	1
940	3.858031315786403	0.7378300513741853	1	6
941	9.52105750235491	0.6123327741463688	9	2
942	11.715289990064052	0.155824472333285	4	6
943	3.3635691796771567	0.002527165926708541	9	2
944	8.87886204939627	0.9737316894716006	8	3
945	5.771498673573252	0.3937565759950754	7	1
946	8.735356938822372	0.365840075965273	4	9
947	9.59105272122935	0.3621038138743887	4	4
948	7.0386525949396255	0.5473929308072009	4	7
949	9.900798794325995	0.8125758713998615	4	6
950	10.967903720791933	0.911799674052899	9	8
951	1.4398487337556283	0.3660467440322166	0	0
952	10.444198963539627	0.8873114752292431	7	9
953	5.8800883708888225	0.7519505650694338	5	4
954	10.943208268890814	0.6037753112924863	1	0
955	0.41877830693142837	0.11056639234422716	4	5
956	3.5834534019407065	0.40535952412026155	4	7
957	0.5717765668737562	0.7719792652251639	6	2
958	2.654005534413142	0.9778642569988472	5	1
959	4.308249330997515	0.5419882575876258	2	9
960	2.3207591087589683	0.027349067216895673	3	3
961	5.480840266814271	0.9808192636646166	0	8
962	11.037987200270969	0.37591323151849	0	6
963	9.30925150774162	0.20286681022458963	8	8
964	2.27540345993373	0.6066674877624872	2	8
965	1.4185344192159763	0.1832040879559993	8	9
966	3.342131976569526	0.4615488086564835	8	7
967	0.41384292749541274	0.4833365429143174	0	4
968	4.198152477459002	0.8352173105149043	1	5
969	6.034495790470509	0.5282401134600031	0	2
970	8.942989300082985	0.06125469366778902	1	3
971	11.393789088737227	0.8057404386957306	1	8
972	3.679777624588884	0.31940306362999815	8	2
973	6.187742566045023	0.5368721411192376	2	4
974	8.891238249111982	0.005550048349844183	6	8
975	6.407107657828657	0.5773070845133164	9	2
976	1.776518339321754	0.5121788945066801	3	5
977	9.63071773541993	0.1856747676251479	2	0
978	7.956656632253672	0.43545261771924526	6	4
979	11.511409537539775	0.41402887214016615	3	9
980	10.109976095073348	0.9799479795588183	5	3
981	5.773841806234763	0.19137483403555822	1	3
982	4.1239073054631845	0.5631463689786558	7	8
983	8.799409837126023	0.7408466626552412	6	2
984	11.606778071829007	0.02418092558431395	2	9
985	5.141634232711414	0.8994034740234428	4	5
986	4.567887739230796	0.13929344043802439	2	6
987	8.444574247010374	0.8227101941053745	9	5
988	11.723782058481824	0.44998302196113815	3	5
989	2.7667276698883683	0.1411582304612743	0	2
990	0.04060541685099528	0.6291457939143217	6	0
991	7.304074406249306	0.844073728732101	6	4
992	6.544488962350918	0.13040991162578852	5	4
993	2.5931057708097103	0.6519461355408037	1	5
994	3.0125171285445367	0.7716091426343766	7	2
995	3.697164974459362	0.30195894399991574	7	4
996	0.7928103624957048	0.5496541075389051	5	7
997	2.012927130925136	0.41011255287345205	5	2
998	10.627276071315155	0.3281568275897794	6	9
999	6.949525248373552	0.08695516543870319	8	0
1000	7.329908817275378	0.3510980762014495	8	4
1001	1.0176140309088053	0.07214451255059406	4	6
1002	7.800795581588046	0.2943794811853836	4	1
1003	1.2717705382465962	0.13953899500143685	5	6
1004	8.840096296781407	0.6790920070627013	6	0
1005	5.817528627978546	0.12145295903050024	9	8
1006	7.955324418403908	0.6740703684006061	6	0
1007	8.069042113132001	0.6623356097344723	7	4
1008	1.3599825010069502	0.7346448081613747	9	8
1009	7.778584425224765	0.7155608694377212	2	5
1010	1.798760913622575	0.5660416590036603	4	3
1011	4.863202713176669	0.2782491769947294	8	3
1012	7.426219637608446	0.6933013759446687	2	1
1013	9.594554017923352	0.5733930339587121	1	4
1014	3.896826438051604	0.17828601810249145	6	8
1015	2.35046501091265	0.6617324628792838	4	7
1016	2.5628605139763687	0.48438086002620395	7	0
1017	11.86222719342831	0.3539217288277656	1	8
1018	7.143171972645979	0.5289294156305326	5	9
1019	10.515963554966397	0.9456073625576129	2	5
1020	0.16522251393179532	0.4484232793131592	2	2
1021	10.23106120943181	0.5935460105497837	5	7
1022	6.172894561643672	0.49953882941633054	1	6
1023	1.871628851901563	0.33721256058152804	3	7
1024	4.311315448593407	0.7053998119963399	8	0
1025	1.32646092269235	0.3314557849688744	8	5
1026	3.603254769956409	0.4000123654513421	8	0
1027	4.373613766483468	0.18350680767793603	7	1
1028	3.074649424170981	0.6205579066025326	1	4
1029	11.134621154074496	0.39275658264517044	2	0
1030	0.17742912643947406	0.043718900463654564	2	4
1031	8.081278574856857	0.5172389682783087	3	6
1032	6.990242153473979	0.3132044889434171	3	3
1033	7.2711765751812445	0.5460684177394968	4	2
1034	3.027747488989192	0.4317491061577686	8	7
1035	7.9634489576761975	0.12649074909885405	3	7
1036	0.13441065546640374	0.1207558208672076	7	4
1037	9.074234423302796	0.8773891100740768	4	8
1038	5.860369998723742	0.9455122182997743	0	8
1039	9.375785769228367	0.5263678376768269	3	0
1040	7.591492645585015	0.2882609638926713	2	0
1041	8.526913943191918	0.5053428080273471	1	7
1042	5.969564411971125	0.8207288103448879	6	2
1043	0.06589752214429678	0.7843674802756725	5	3
1044	3.3549387505133863	0.786091604369869	6	9
1045	9.63904332318338	0.13494893850558876	1	6
1046	3.853935573621615	0.1831547335659387	2	0
1047	1.3638472232110952	0.36224111274298587	1	2
1048	9.555139942611412	0.17320696385362755	6	4
1049	10.79263386628081	0.23123243035154917	2	6
1050	7.864798506890633	0.42193554794132326	6	0
1051	0.6170590910082159	0.6777214598427987	6	3
1052	9.746447638454171	0.15857936179206233	2	4
1053	8.321033524373528	0.7203132072681623	0	3
1054	1.855502849893877	0.7939119599532489	2	2
1055	7.13497733136081	0.989676241251081	1	6
1056	2.349946455997757	0.4503917389086213	5	0
1057	6.625503497341784	0.6610721487827513	5	0
1058	11.453448080946432	0.4783729913972965	2	8
1059	8.907735396717227	0.7241808639256397	5	2
1060	7.787309241783353	0.835497865546096	9	4
1061	3.9175008041677652	0.6742008246112318	1	0
1062	6.594330336938304	0.14023597681081146	2	6
1063	7.115704394422909	0.7869956236508809	4	1
1064	8.021450919286051	0.674605217732479	1	2
1065	9.052314484561933	0.4974210663137315	1	1
1066	3.4215092636002	0.21578924489188478	9	1
1067	8.673922499869226	0.1292822631453474	3	0
1068	3.279289403534461	0.3573722246527107	3	6
1069	10.025281211391233	0.9203634837013592	5	0
1070	10.205459471969963	0.6771236132006117	4	6
1071	9.846215964773933	0.5256770724080839	0	0
1072	0.35603173898562845	0.20115329102357393	0	0
1073	2.2869009422177284	0.3440074821343164	9	0
1074	8.892489649746935	0.6088321744495583	6	4
1075	8.387791258837176	0.17460881618995439	0	9
1076	5.763522745222838	0.08533847531234018	9	9
1077	7.191042789306939	0.0562338864205979	3	5
1078	11.746255227469858	0.10721040570566687	3	7
1079	11.507842267018074	0.19682813981798553	5	2
1080	3.523467874339911	0.8189854406953422	0	8
1081	0.15065245091829071	0.723226702062908	5	0
1082	11.886092996281679	0.18344290427233012	2	0
1083	6.990498042122438	0.6418831811017983	8	7
1084	0.919337580046558	0.9854007162002626	8	9
1085	8.55679541661869	0.25139328790641025	3	2
1086	6.596111669872294	0.8853173219827597	7	8
1087	4.891811255115718	0.41595554345006336	4	5
1088	5.027311818802397	0.7400430998763804	0	5
1089	11.133998078221072	0.5196006115415026	7	0
1090	3.572252012463128	0.4023508588875563	0	5
1091	0.5890791967667277	0.1581477639545923	0	5
1092	3.449023635125554	0.22690953938406155	4	7
1093	6.991848590466686	0.5952270945539156	2	2
1094	3.675813121246543	0.6380987309575031	0	2
1095	3.4055246353372115	0.41207701940994446	6	3
1096	4.659057100129727	0.6181936206562032	2	3
1097	6.275364468512668	0.27653090313975526	3	6
1098	10.960966139702474	0.4925830352851872	4	9
1099	6.293840558716568	0.43151775739936404	8	7
1100	3.6628003036794925	0.41265853126730223	7	8
1101	7.002311385380727	0.46318510690545345	4	7
1102	11.41232604414502	0.334109347305488	1	5
1103	1.8445232030710859	0.2579495794222817	1	1
1104	9.578970068330799	0.5679342788677326	3	7
1105	6.165767808127037	0.19685787893064477	7	2
1106	10.588401577384632	0.05937118623059223	0	7
1107	11.091716462147684	0.07313790845480239	2	8
1108	0.1276664852781435	0.42936436472621475	8	9
1109	2.6311425413196776	0.8047576769471637	3	8
1110	0.45726915907923704	0.39094888800707617	1	2
1111	11.97850633591055	0.13141736105814716	2	8
1112	11.345840593829713	0.7389879783052468	9	8
1113	5.700388558247855	0.9749254079715697	4	6
1114	2.6928857996423794	0.4788209051602401	3	4
1115	6.890259068272795	0.20112991789377244	7	5
1116	4.546758122763297	0.0791796393328108	2	3
1117	2.3847611175276273	0.7355409215921281	8	2
1118	1.4141643580941667	0.4877753221892327	8	7
1119	0.6045784117742197	0.8013490969857179	0	5
1120	6.28390260276219	0.45056344147820504	7	1
1121	6.850924090790693	0.22593814410698376	5	0
1122	11.377088952617116	0.11495117542397404	5	7
1123	3.069013069968432	0.5631069481914303	9	1
1124	4.697916358875162	0.8077938614523298	7	1
1125	6.776745471850034	0.8574017355323381	0	6
1126	9.581563541688684	0.9621591252782269	5	9
1127	9.814507444925953	0.6718109560823937	0	6
1128	1.7021084679373697	0.3058662699554626	8	3
1129	1.5144426328745118	0.7721180585701205	9	2
1130	9.781560937337414	0.17850949029373442	1	2
1131	3.2343615881767613	0.31050636234851325	5	3
1132	3.3038779272390015	0.6119968928558589	0	4
1133	3.685420303213716	0.9400308226396853	8	2
1134	6.2721885716263035	0.7985749583687319	4	0
1135	8.579618776032923	0.8068202813146045	6	9
1136	1.2715197406218124	0.8777790647189367	1	3
1137	0.5240853166457464	0.11613929925796318	2	0
1138	3.083869165289917	0.11849943968916499	1	4
1139	7.014108166987734	0.3924067188174344	0	2
1140	9.07329722499938	0.5514668054075045	9	2
1141	3.371460913077428	0.8732687896099576	2	1
1142	11.470947699060966	0.24223711018936545	6	1
1143	3.5128663561222457	0.9611469018082388	8	4
1144	4.956955110986069	0.46918821107286	6	5
1145	10.326806163150517	0.3200234859645892	5	4
1146	11.922900699481598	0.7580680911913455	3	8
1147	6.509694949625388	0.6836727648617497	2	9
1148	3.7968672245886346	0.2190588675532511	0	9
1149	1.657516084516057	0.8316841376882451	6	6
1150	7.230172123987243	0.13687142125835394	1	3
1151	2.9635219868987597	0.7045652783215248	8	6
1152	10.659768226846692	0.3038921407614673	2	5
1153	6.6295364884665835	0.9789642029820743	7	1
1154	10.257773114987888	0.032730615744236524	2	4
1155	2.547700285124115	0.20642141092356647	9	6
1156	5.898711814594831	0.6092021913263668	7	0
1157	2.4769487787745725	0.020540138222085558	2	0
1158	6.346160588385266	0.3900047014111093	3	5
1159	10.99741764535828	0.48527021104660994	6	3
1160	2.890960805408774	0.40976164393537506	0	1
1161	3.3373528152822085	0.5859226658397612	6	2
1162	9.434741465077785	0.35729797250192874	4	0
1163	9.36730112248373	0.6999691289658301	9	4
1164	0.029856195028760357	0.19946424587127398	6	9
1165	11.342747597814686	0.6160059237407625	8	3
1166	6.49389568655393	0.06439704833942494	1	3
1167	3.1864871709739733	0.7278085003280185	5	8
1168	0.5328758399987583	0.20468446775819582	8	2
1169	1.727894458409625	0.19457162954095697	2	3
1170	10.772962966385544	0.35802469879691456	0	5
1171	8.418212102320162	0.009545806551232272	6	4
1172	3.40100109248873	0.8234484098364269	5	9
1173	2.135430856014921	0.432868138557021	8	1
1174	4.855785979908756	0.5155582642999698	4	0
1175	9.718301868655487	0.0018920822826693495	4	1
1176	8.763483333431854	0.36857219573041367	0	0
1177	0.18392043012535053	0.1685083596471436	2	5
1178	1.3834252394140183	0.6829875518480066	6	3
1179	7.587490289883929	0.5451185649462951	9	0
1180	5.627670507877396	0.33673210756673344	7	1
1181	6.238348771094424	0.817085267321124	3	0
1182	0.35592948530743307	0.5270000073836497	4	7
1183	9.740555086015148	0.9238665768213672	8	8
1184	6.366109746681495	0.3354895055378533	9	3
1185	0.7712625493065852	0.9346860835970072	8	4
1186	10.412449461469468	0.8486236402988467	9	0
1187	8.266001844770358	0.4298763302754075	3	1
1188	2.3865126090748325	0.025256751181635173	1	8
1189	11.545534223726444	0.08198135884119351	6	8
1190	7.649183529030419	0.8837001933390802	4	5
1191	5.497391159167108	0.9185937171505183	2	9
1192	9.11795085662517	0.7208941064930352	5	1
1193	10.631769036484195	0.7167509366682164	6	8
1194	6.718815022451746	0.3933470096998598	8	9
1195	1.8802672779062322	0.8619754572828696	9	2
1196	5.771046914983023	0.23903984234482145	8	9
1197	0.2965347132166598	0.7521158280878978	5	8
1198	1.8152385512956317	0.7264750340337277	0	1
1199	4.532369517640277	0.9975846471511883	7	2
1200	10.465559849351491	0.33481268984045265	3	4
1201	3.7643826536933687	0.6767410630129824	8	4
1202	1.4629191384490143	0.46595699764495513	9	0
1203	4.750839826133726	0.3924046610308274	2	4
1204	11.74542537986935	0.8359672260413387	9	4
1205	9.462482596631029	0.985258311536186	6	7
1206	0.8470726989992978	0.7084480332833318	3	4
1207	0.5941590066766893	0.400686967814582	3	3
1208	6.47640506493925	0.6585836147408105	5	9
1209	8.06110286278742	0.7117932189163371	9	0
1210	11.391864791933267	0.9826721984901754	7	7
1211	9.70343954919254	0.8991392624519263	3	5
1212	5.242564375695938	0.8081532774177425	7	8
1213	11.066277667253273	0.8654491551487592	5	7
1214	10.833973049747092	0.9604612206874241	6	6
1215	10.055903696534074	0.2435973593898324	2	8
1216	11.529228192467663	0.47987153932676885	2	0
1217	7.225363529178219	0.920681020384414	5	5
1218	9.153624875090804	0.5903547048962009	4	5
1219	8.812876679200182	0.19441006947371609	2	5
1220	8.917511782220068	0.6519469590702673	6	0
1221	10.780158186300387	0.7007681202351002	2	5
1222	6.89945791884038	0.7693163807642535	9	0
1223	6.06385041656395	0.8156925749622852	2	0
1224	9.043089853335122	0.36345094888950746	7	8
1225	8.858364141306208	0.7974941744420504	4	6
1226	2.403770363995659	0.6232660647832523	9	4
1227	4.46873963037493	0.050452311426866125	5	4
1228	8.44359785397015	0.2703867235516486	1	0
1229	11.747043282543364	0.47778789033426694	9	5
1230	10.814040661548706	0.2170469698904708	2	5
1231	1.1833242173263239	0.3612199373580526	4	2
1232	2.2621202398817912	0.7719951532622308	6	6
1233	5.633856663746819	0.642809735665177	1	7
1234	5.612692459023307	0.5156172781560396	8	8
1235	0.37213378433293487	0.05980649558109774	6	5
1236	6.415465334519952	0.3405604693154567	9	0
1237	9.86322349519374	0.7412667724699149	2	8
1238	4.457441760761354	0.8231418893942221	6	8
1239	11.058344848099983	0.6929648740285943	4	9
1240	0.46115957417859477	0.7383045149405043	4	0
1241	0.12210314732663718	0.5042531104711242	6	7
1242	3.3566260441615747	0.4853391343986134	6	2
1243	8.002758783533906	0.32617334460059466	1	3
1244	10.86118686681672	0.9657649378330697	2	5
1245	6.26029541079986	0.25604335729052885	3	2
1246	5.997449176555076	0.589646676238619	3	7
1247	2.2230911690980766	0.39072897850948796	1	1
1248	9.793313414374586	0.8277784281203394	3	4
1249	6.253380203716574	0.8791576917782722	2	4
1250	2.729841959113042	0.8061478561334886	7	4
1251	5.024568031552561	0.7853369407721971	2	6
1252	9.852240269478376	0.36828073942876305	3	1
1253	6.909334456790004	0.04399944418488655	7	0
1254	6.529713847752195	0.13052984501799614	4	5
1255	0.22228267194114837	0.02371550404635303	4	0
1256	8.641409612948982	0.9570425610796502	7	8
1257	8.30642773520702	0.9497843231807471	3	2
1258	3.0038468457362844	0.2561876640067323	0	7
1259	2.623995704914064	0.26201887902412446	8	1
1260	0.6532512201965268	0.9594988875767873	5	7
1261	2.6366122706563564	0.1308380582127221	2	6
1262	9.745064381503619	0.8450903394230159	5	9
1263	5.97527056800699	0.8397835165451817	0	1
1264	8.92323259212265	0.909817721696417	6	9
1265	0.6765823262617618	0.28424556923716615	7	3
1266	5.436820995342435	0.44018349965026016	7	1
1267	4.35038855209409	0.16221349078152858	9	0
1268	9.357969813320544	0.5626077834503265	6	8
1269	11.444964170305544	0.6694455390341235	1	9
1270	2.821854908172751	0.8699563437841348	5	7
1271	8.549447042873002	0.6144726412894175	8	1
1272	11.774606316917444	0.12858891040493226	0	5
1273	2.3340211873613588	0.10448131062031873	9	8
1274	9.332231740127682	0.9142122943203077	5	1
1275	7.4062006300802015	0.3858611377103096	8	7
1276	4.747321327016644	0.03463017339010366	9	2
1277	5.794190486174038	0.9363396930119107	2	1
1278	0.23225769931044393	0.4261971624737311	9	5
1279	1.6329163993946776	0.2544040399273165	7	1
1280	7.51756167381042	0.575734708751896	4	1
1281	0.9581181292437839	0.4963410623968453	0	5
1282	1.0140003417371921	0.35948746966666845	9	7
1283	10.12188690875465	0.23312529589182962	9	8
1284	9.44063492148857	0.003748627027770235	8	2
1285	6.582252275620325	0.28608052765327174	3	8
1286	5.990194868868136	0.03676610396984803	7	9
1287	8.473004772370912	0.3188011560472471	3	6
1288	5.6436208293924786	0.1576088833751349	3	1
1289	8.203092161206197	0.1152313723899705	1	6
1290	0.5311280754955239	0.4793401522572207	3	7
1291	5.635631807424554	0.8924728813390463	5	4
1292	6.385983719503295	0.6907863801864956	4	7
1293	7.040686329345274	0.8560840780971555	5	0
1294	11.27539357696001	0.3097007771402769	4	6
1295	4.9486037203053	0.7395229036208498	5	6
1296	0.9182820552470199	0.6673504356119059	1	9
1297	1.1784119664584836	0.6069983610065283	4	0
1298	11.387219534790676	0.6111644636771388	0	8
1299	8.967632335348535	0.6190308206013914	7	8
1300	4.359232216556364	0.1627514567005306	9	4
1301	11.980047873431447	0.5947230828942426	2	8
1302	1.6433805326681203	0.34380090173290523	0	9
1303	7.234809040921337	0.1969501340124752	6	5
1304	10.081875286689758	0.5865752094843055	2	8
1305	10.960189604276664	0.31881451521954396	0	2
1306	7.532638242479442	0.9217335334925764	3	9
1307	2.257490772358261	0.8101616784628872	7	7
1308	8.33959623546892	0.2335783350267533	9	2
1309	2.60771642068298	0.9431814443919994	0	5
1310	8.707824639558721	0.21500388784260716	5	7
1311	10.80608461859164	0.4086164831743768	8	5
1312	0.16168690883676673	0.6945285010261528	6	3
1313	10.24463427761633	0.19376170376807256	3	1
1314	1.6051209329274725	0.40410424740582795	0	6
1315	3.569425010885183	0.8111449005602386	0	6
1316	1.0652443199221575	0.5743966605888576	2	9
1317	0.4975536672372587	0.37424362054075266	1	1
1318	10.162982286636158	0.9858957812086749	5	7
1319	1.4330418308709238	0.2946831145479196	9	8
1320	0.2949547791936147	0.5027385728134182	4	5
1321	10.231270958305704	0.5167064564206748	6	1
1322	3.9694115692514194	0.36957837397322835	2	5
1323	8.60281217591154	0.5907809521609511	7	4
1324	9.577241253254611	0.2737876951687247	5	3
1325	10.103807707233072	0.8632194334911404	5	5
1326	6.635975192708647	0.7447562980003399	3	6
1327	1.8302783600773092	0.9740365072397612	1	8
1328	9.119300009588953	0.07905965987520303	7	4
1329	8.780922880648752	0.20878361642782028	4	3
1330	10.848901474143952	0.9693856946829124	2	1
1331	2.954906370813629	0.2878455368568952	5	8
1332	0.11540739785890475	0.3230178665699702	8	7
1333	2.108505262511106	0.9636638555863984	3	3
1334	5.2258792734973465	0.3724822459010144	3	9
1335	9.275624295605995	0.34652744554870385	9	4
1336	10.600214585120517	0.7586129645547903	5	1
1337	8.24952667792942	0.8436454253387093	3	3
1338	11.16605272489548	0.8485984096683534	5	5
1339	7.071691142870362	0.4878870221923943	1	3
1340	3.805789524872848	0.16120178760582782	1	9
1341	9.5276632334839	0.3513416778978623	1	1
1342	9.408938873326866	0.41631753236100577	8	5
1343	1.3138976030294685	0.9681873133323626	5	5
1344	0.73311792190486	0.6046286479110052	6	3
1345	7.07772754842339	0.10496655110302011	1	4
1346	3.389796189844992	0.5927174648087156	0	1
1347	0.13264891289604153	0.3212892323812341	2	4
1348	3.0062416886928864	0.29673738121641124	9	3
1349	9.18488700062905	0.7150350705188115	4	2
1350	5.224684347763507	0.3335249055432735	0	5
1351	1.0236304865382184	0.20388964378130126	2	0
1352	8.631134978132524	0.49246464843947635	9	4
1353	11.053010697609809	0.9169721245781157	0	3
1354	6.94158201725017	0.583704301884003	8	3
1355	3.084034259669596	0.012695155317657414	4	8
1356	8.939537709141902	0.18191533740032528	0	5
1357	10.92853936212213	0.6551894965618099	1	7
1358	7.951392942082605	0.6101692097911507	1	5
1359	7.489226703073102	0.21959511899169337	6	5
1360	4.243159807313662	0.9042637690349784	7	2
1361	10.289997147656674	0.34384361949601483	5	5
1362	11.55256984361481	0.7082906672624419	5	2
1363	4.086317242457075	0.9563480404599614	1	4
1364	3.980727122511412	0.7648306796231584	5	1
1365	3.9074223473982173	0.1781731058659176	9	5
1366	5.932269608397247	0.8047726444461452	4	2
1367	6.697653004283273	0.9350431182684072	4	4
1368	0.07252649390754984	0.12021972545539583	1	6
1369	6.143180352449209	0.1501215759634954	7	5
1370	8.70875114763051	0.9205172417453206	4	9
1371	11.274827152910383	0.2203947311414134	7	5
1372	8.276797969361308	0.077088058188588	9	0
1373	2.8621319935940153	0.0372396314085478	7	4
1374	9.101716821760395	0.6036592471216069	8	5
1375	10.773983383581298	0.5159150839969555	1	5
1376	5.241016248756479	0.9563375633790624	5	9
1377	4.596590782959476	0.07472300674493926	5	8
1378	0.7543505826635593	0.42060707559667454	2	3
1379	3.378402505572902	0.5716012252038356	9	1
1380	2.7566860222292187	0.2582289839745878	5	9
1381	11.123890000217552	0.738566752225552	0	3
1382	10.245353281345917	0.4396992176644644	0	7
1383	11.45254395910907	0.06819278838544529	5	5
1384	1.8831123475022165	0.5574276977000783	1	6
1385	0.34328094558341826	0.9179422394611115	3	2
1386	2.681405391279891	0.5956875225027651	2	1
1387	10.171681536346135	0.6839168040178026	6	9
1388	0.659641599447442	0.46136905501796044	7	4
1389	8.123973855044643	0.2752316535937016	9	7
1390	8.817841024990845	0.397482528140092	1	2
1391	4.042948651405832	0.9715193263526478	4	7
1392	5.26143843770653	0.636661575440017	8	9
1393	4.460877046683045	0.9878143576476515	0	6
1394	4.571258265710727	0.7540718813048154	3	8
1395	11.106862780410017	0.64598282983496	5	6
1396	4.958110653573835	0.4506076571143308	7	9
1397	4.878869508388993	0.2961875153772803	2	9
1398	10.910897029000175	0.7905365155924019	1	8
1399	0.8348694680973998	0.6436024913165923	6	1
1400	6.730172323128581	0.6899181195560329	9	3
1401	0.23386483193357854	0.2546097908994852	4	0
1402	9.70136767895533	0.15614451894400183	7	6
1403	2.3229106326493363	0.04295121652017564	2	5
1404	11.27733250524894	0.4823507412255842	9	7
1405	7.732548034218414	0.37695817255796416	0	7
1406	8.734603158028426	0.6113789320856109	3	4
1407	5.32056049310366	0.11094303837652042	7	4
1408	11.293118844629031	0.6952928632053372	8	6
1409	9.35903435164743	0.6470234747431992	2	9
1410	4.045382489494889	0.6040235124725709	3	9
1411	2.0366833855814765	0.24546761748548107	8	0
1412	3.8887237816021716	0.20389001128615325	2	1
1413	4.121430588899372	0.38290519054981587	6	8
1414	2.0499934902526395	0.1617039055373457	9	8
1415	6.048738622094042	0.7637249618837297	9	7
1416	0.7300225156242632	0.6209225550819117	3	3
1417	2.707842498097564	0.977424695582869	7	9
1418	1.7312325895218956	0.638718563632839	0	6
1419	6.053015990962313	0.6401549867542318	4	1
1420	5.4140060456070875	0.15963021121529708	5	8
1421	0.9955176933949201	0.7150804147136607	4	1
1422	5.803004551314434	0.8789494039257599	1	0
1423	2.3184548789044546	0.28925030315417877	7	6
1424	5.913239521675234	0.9355846934173204	7	8
1425	9.861393676109161	0.17707709710804342	7	7
1426	4.608745722550831	0.5402803424399375	5	2
1427	6.334096916342807	0.12967917400932538	3	6
1428	10.18718784386202	0.806855599000269	5	8
1429	8.669438103225968	0.008489392289874886	9	8
1430	5.566203950568724	0.37445454337940975	3	0
1431	6.214068426001864	0.25873487823693064	1	1
1432	0.14400364238794872	0.02329537519454905	9	4
1433	4.451251610808299	0.9497798887803528	2	9
1434	9.447312101268878	0.7344515451130514	9	6
1435	1.448057279454364	0.8503436366058671	5	8
1436	1.4486076092269395	0.10413251409921032	0	2
1437	2.5583557304454785	0.6289091332367861	5	5
1438	4.078783391686276	0.8311675799380114	6	2
1439	5.500883367887376	0.19815491243647176	1	2
1440	3.5892590546880987	0.9974600156900332	0	6
1441	1.1027154806740405	0.7834774085296518	1	2
1442	9.975018107331241	0.022353603670811295	9	4
1443	10.298130233749156	0.26997927902434515	8	7
1444	7.181127245045106	0.4122482272162846	5	0
1445	1.0710905878806414	0.7877127713276616	5	7
1446	6.89532514812583	0.4800892620157904	5	7
1447	3.6775222326556345	0.9777818542997836	9	1
1448	0.6680232099730166	0.2904888069503929	4	0
1449	5.4250156725195104	0.708492403105182	0	0
1450	8.153985218967088	0.5148659289479656	8	6
1451	8.706440116218422	0.014518198859383324	3	7
1452	11.652865932207556	0.3930808379725028	5	3
1453	6.155266566974952	0.31177941072845006	2	2
1454	10.485956819353435	0.8755227051871923	6	4
1455	6.653185195590675	0.7675755627875602	2	5
1456	6.679452284578412	0.7924318674969573	6	8
1457	1.470834425594072	0.6071891371280704	7	7
1458	0.6267173118055167	0.41436330403206056	4	0
1459	9.47694004063618	0.7820699587425749	9	2
1460	1.4750072879042335	0.047713489328901404	7	4
1461	1.809616206988761	0.6836079707287206	0	7
1462	11.923387702516495	0.6788968608762642	5	1
1463	6.179198684589892	0.20350194107317676	0	5
1464	7.337664786819811	0.3984752106916649	7	9
1465	5.703410931975394	0.45688594154515383	6	5
1466	11.03683679456089	0.5267185712633808	8	5
1467	4.379486189712846	0.43742461169869307	8	5
1468	2.5491062155783317	0.15089368041134787	7	2
1469	10.986011217768617	0.5141989301080087	0	3
1470	8.117636960918649	0.5077463364143405	1	4
1471	8.440868886403988	0.9070738369965007	7	0
1472	1.2226492883019024	0.9730334385555862	3	5
1473	0.6412041991900836	0.5085605443320776	7	5
1474	2.3119389127824435	0.9710202847768326	7	0
1475	3.075922648566513	0.5096186503802242	0	7
1476	3.976083904997417	0.35389389592964515	6	9
1477	6.284974301292486	0.8023871122265448	6	0
1478	11.92913197929763	0.8911679739445755	3	3
1479	9.255138691345165	0.24282731374315392	7	4
1480	5.32251979225244	0.5237709042537182	7	0
1481	5.604876991583707	0.03456508296084304	6	3
1482	3.57770046157226	0.14542739354777579	3	3
1483	8.41032125491284	0.8834925774118009	1	4
1484	3.797474723770759	0.9725101479847891	1	1
1485	4.940303801143793	0.23249645479815806	6	2
1486	5.373521225243868	0.45660020213540986	9	9
1487	6.459975952660244	0.34281584946837373	0	0
1488	9.042670156199716	0.45961348907305866	8	9
1489	1.2965950556406192	0.6256728587662024	4	8
1490	5.6931458550763265	0.8411926004581579	7	8
1491	1.8589705287954916	0.47542472294481697	4	3
1492	11.638930597201115	0.38039470091891925	9	1
1493	11.024040006903373	0.2852335472559333	3	0
1494	5.301597938780596	0.7693229055846621	4	5
1495	5.296675357452869	0.19699452376376925	6	6
1496	8.508352722891614	0.16168728435494506	8	2
1497	0.0882083546402912	0.4627871474358567	0	2
1498	3.2241498044401133	0.16816769023316336	6	2
1499	4.483942850127991	0.11849055966757815	8	3
1500	5.841713353202167	0.8578809871590641	4	4
1501	6.987027932308489	0.026006171899438102	5	7
1502	11.181053339686207	0.7218579624141351	8	1
1503	4.086914807402809	0.3303756046361688	6	5
1504	6.962984524668146	0.9320753828873223	5	0
1505	7.148740601159022	0.3801011321492507	0	1
1506	3.645798448133648	0.1405107143425257	4	6
1507	6.142838578036489	0.017259813063311702	8	7
1508	8.234237719777372	0.47518707477911004	7	6
1509	5.492108623767981	0.22922464095141692	9	2
1510	1.699513095288439	0.6112304495228755	5	4
1511	8.338611835013893	0.48254338072298086	8	3
1512	7.277800248975957	0.4112107032218638	9	9
1513	5.270420685468061	0.4355797143843906	7	8
1514	5.901113056943827	0.7378714683746572	3	6
1515	4.683281687393491	0.9683209861546651	0	4
1516	7.405779172488833	0.28342973106677805	4	6
1517	3.1338118585206147	0.470950079720427	7	7
1518	7.585404074863926	0.2726574206049901	1	9
1519	6.55412496856845	0.8010272837438672	8	0
1520	3.989578741833441	0.8541341399296213	5	6
1521	10.441125813306456	0.12392489027715736	3	8
1522	10.997595628012286	0.9838726652603418	8	4
1523	3.450518427888397	0.592423305866244	6	8
1524	5.723487223495798	0.5260184303288955	0	7
1525	8.636512671470093	0.6002773102200801	5	7
1526	9.39010747597908	0.4239995792589982	5	4
1527	7.079120138214304	0.9904902945800125	7	4
1528	8.277486062222263	0.25619499768371334	5	3
1529	0.08965295389152317	0.5763841796875614	5	1
1530	4.922984482286009	0.049097727172045746	1	0
1531	9.992643946688052	0.3825057641317475	5	5
1532	6.930331523441538	0.682098342047975	3	6
1533	11.300356445000252	0.5445605184611727	3	5
1534	11.624290765657504	0.17632949458582636	7	6
1535	7.2316336860556	0.43066381672103515	1	6
1536	9.455264599723556	0.22460777685733102	2	9
1537	1.5115685181451157	0.28713274629008234	2	9
1538	10.35570092041413	0.3851652344648986	7	3
1539	1.3008338153928451	0.6594667122580576	4	6
1540	2.019105746860275	0.76400848962981	8	5
1541	10.801849925010773	0.31670064881474	8	3
1542	5.1597892774891285	0.4836066074512324	0	1
1543	5.638163935155319	0.09997595728794706	5	8
1544	11.768564454054404	0.4668376021322638	1	0
1545	8.29558658369423	0.5621363401943332	0	0
1546	10.242334726857086	0.8365768936559748	9	9
1547	3.224798162389758	0.7162734258740687	7	5
1548	9.755847423555014	0.702878491043582	7	3
1549	4.209377234305359	0.05311870124175355	1	7
1550	7.750424759828574	0.49074433147321117	4	6
1551	3.116498689396754	0.8562898367073312	9	2
1552	2.927467334828245	0.0015908697184453535	8	6
1553	8.99610291003382	0.614080907799022	4	0
1554	4.4436054046961475	0.6620889218626462	1	6
1555	11.71605266547558	0.9739930128916536	6	4
1556	0.8754983392350986	0.44263175667962984	7	1
1557	11.053718449959815	0.5854711552577045	2	9
1558	10.742035078709348	0.6814888061713141	9	3
1559	3.6729282714362466	0.04125287512281428	4	3
1560	7.46157657066694	0.4316801307671678	1	5
1561	6.60753641624569	0.39544101707894597	8	5
1562	2.8250143491344266	0.4659752933115865	2	1
1563	3.703083762797261	0.8784779519445868	2	4
1564	11.397785777241776	0.511135184877653	0	3
1565	7.769360959792833	0.9011631078911186	4	8
1566	3.2328872403053674	0.044183565671163105	8	3
1567	0.7640043785738939	0.6984282728850463	0	2
1568	11.957013339593509	0.5297693965387179	2	4
1569	5.312355539216043	0.5604413345897991	4	0
1570	0.2381405248450048	0.5602446813105495	4	0
1571	5.162251993008125	0.1986751800333011	6	7
1572	5.719307952268064	0.6958098022800904	9	8
1573	4.296033689678701	0.44112142336946114	7	0
1574	2.51906663720874	0.5719091722520587	0	5
1575	0.6426698801991644	0.5673428633758595	4	6
1576	10.057616960984475	0.08939876037006889	9	6
1577	6.835123352133692	0.5215343274104335	1	2
1578	9.161873458229596	0.8144139583662501	3	5
1579	10.196370643386615	0.05372380690434342	4	5
1580	3.9257265845334626	0.15717884805183724	5	4
1581	7.280478552071847	0.4432335700344744	2	7
1582	4.654414421415687	0.6808230838962362	0	6
1583	1.402991215911718	0.11713544233924433	5	7
1584	0.589129698616194	0.4368308135572204	8	3
1585	7.788601544911851	0.2605139213073012	5	3
1586	0.2986311265588615	0.48403370618185915	3	9
1587	6.217117822381333	0.9816081890432495	0	7
1588	0.028227630063637932	0.646073235574757	5	7
1589	10.348470165039668	0.691063613972161	2	6
1590	1.985853897263127	0.40490256562564375	5	1
1591	4.02163209451752	0.8505064866408624	5	8
1592	2.616434679789349	0.384459774275017	8	2
1593	8.44432650185779	0.9433557241059057	8	9
1594	8.958160772115905	0.40250566488757666	8	2
1595	2.9111967018377465	0.798074533866152	7	6
1596	0.15875968932377083	0.047250072710199764	7	4
1597	11.55715776458984	0.592757034904443	9	7
1598	4.6886684833816386	0.6817504333480257	5	4
1599	5.693567694957194	0.12888126441458292	7	9
1600	11.454542991196375	0.07036285652907126	3	1
1601	8.331068819233472	0.04086901089075512	1	7
1602	4.491870530210757	0.5487740459881238	0	1
1603	7.964837071524164	0.4999445527031562	4	2
1604	8.883567703281932	0.7777678685980638	4	6
1605	7.603125267842659	0.8294196441397135	7	3
1606	6.0811717053390515	0.7200011172951218	4	2
1607	8.268058326217592	0.24579503795278457	3	5
1608	11.132042109767323	0.7532636568095055	2	1
1609	10.540359803820165	0.07831652507167197	1	8
1610	6.6735721217188075	0.3256431185497629	8	0
1611	11.374647804604077	0.6340342124542788	8	7
1612	4.210745592310323	0.8501470404325854	7	9
1613	0.8978049293851518	0.5484008946559549	4	8
1614	10.340445588473013	0.8160588047404923	3	8
1615	3.7923888694467256	0.9296508485335647	7	8
1616	2.2793705859463347	0.8189975778748468	4	7
1617	1.5414788600345566	0.38203381538436243	4	5
1618	5.622473449139628	0.6766387793962685	7	0
1619	0.45305936767675803	0.12177991217553408	9	3
1620	1.3817599255531214	0.8326245388273243	6	1
1621	5.0337017533538475	0.11662953768081097	8	8
1622	6.897983069059065	0.22275783375037805	3	0
1623	5.756539420301543	0.452917631665541	6	4
1624	3.3187936223884313	0.5880101213104634	6	2
1625	6.631020933011128	0.7556279772766177	6	3
1626	2.0559452490926855	0.8943944251939738	6	1
1627	2.571028793137174	0.8151068633983459	5	5
1628	2.9920689253491264	0.7469339879021955	9	8
1629	4.5929227098396	0.63490782641801	2	3
1630	5.607061195168754	0.47520026230929646	6	7
1631	11.623364790420787	0.11782739032731449	9	4
1632	2.0961284417318553	0.5610670698855149	2	4
1633	11.163875428371346	0.8353393026245327	3	2
1634	6.422477244011277	0.3778741319733834	2	5
1635	3.0614881261692912	0.9833509671373794	7	1
1636	7.835328867945536	0.17960394363964105	7	9
1637	5.96952194263395	0.6422132693423843	9	0
1638	10.728256470723716	0.36141871250547963	7	3
1639	5.009149633566363	0.3957403726652733	5	9
1640	3.9713657233230975	0.04536685374403038	9	1
1641	9.072611507520776	0.09983932298614828	8	7
1642	10.545117662588519	0.5111923134944416	1	4
1643	11.492021811091018	0.7369028773540628	6	5
1644	10.012638497499047	0.3291287773849778	9	6
1645	1.2354340794993384	0.4776727488687913	6	2
1646	6.663735294923962	0.4261267938367316	9	4
1647	7.465243907943386	0.4127133784387208	6	8
1648	7.208839913158231	0.845159026732092	1	8
1649	8.83202430098493	0.5456249676860996	6	9
1650	1.5863775065272834	0.28606480021851455	7	4
1651	5.690570299900175	0.7462976652422172	5	2
1652	11.324046635960158	0.516070710469117	3	0
1653	1.442188352169365	0.2136333057289158	3	2
1654	6.250344311137287	0.5642458925471866	4	9
1655	6.0604983535313615	0.7089090928094005	6	3
1656	0.8698102772838188	0.4473011659548948	1	5
1657	2.8321446066119633	0.21362388148620626	3	3
1658	0.08935419219582696	0.24933624655601383	3	7
1659	7.099200643730953	0.46463947559968355	8	2
1660	10.079983953020838	0.733019965838005	7	5
1661	5.5556042771037015	0.1196238777833003	0	1
1662	9.010204069160379	0.19212986423083878	3	6
1663	10.224026187317344	0.8157861529801597	6	1
1664	1.9961323703562348	0.8936299601670243	0	9
1665	9.441855439112526	0.7386806464322411	8	7
1666	4.801960907032816	0.05477158495807399	8	1
1667	4.033950237928204	0.5275241334569686	0	0
1668	6.96144095304378	0.03857527896212487	0	7
1669	1.2831367558297817	0.11703037097218527	8	4
1670	4.195210425078629	0.5571986624082593	6	1
1671	5.160978433197826	0.9396695905434531	4	4
1672	11.089493921192041	0.9290901495962373	6	8
1673	6.757809830061952	0.36454885976113205	6	2
1674	2.8220378775867827	0.0156456444145866	0	8
1675	8.69720262074871	0.6133944802496071	4	2
1676	7.740559443130856	0.03848930891853053	4	8
1677	6.788544687102233	0.45482372257011905	4	5
1678	6.9266607663414295	0.21899988608692988	5	5
1679	10.215187320501805	0.7631452874957512	2	1
1680	3.6736969172857825	0.48598574412127626	0	5
1681	7.906862563522168	0.72629752423707	2	8
1682	4.109369905274972	0.6306106416928762	1	0
1683	9.66955626492976	0.7869227117482119	4	4
1684	5.34161634203096	0.7563127712764345	7	4
1685	1.4871916517861052	0.16268227099252064	9	7
1686	6.911803910794902	0.029384039495374603	8	9
1687	1.2900979414668905	0.2566457825108873	5	2
1688	9.635223462162513	0.37331304501596907	4	8
1689	11.951223661252078	0.6142054823029435	6	0
1690	0.2586949102668239	0.4144482985216018	2	0
1691	5.012197239694258	0.8020319185252766	2	4
1692	10.077991279034423	0.9669494052830766	7	1
1693	11.263462727670813	0.4291079506152855	8	8
1694	11.84219731056394	0.9096121133806975	3	0
1695	1.6721760136281523	0.8836004457480005	7	7
1696	6.197280400727793	0.7338175172328822	8	1
1697	5.403536341781546	0.3856247168332323	5	3
1698	1.4576086017433103	0.7399807213724223	4	9
1699	11.330888075747959	0.34698747154757403	8	7
1700	1.691106697609516	0.9156206595444019	2	9
1701	10.688221596322991	0.6392151064080797	6	4
1702	7.485814524844964	0.1920496518591176	0	9
1703	2.301657962912191	0.0966607503728919	5	9
1704	3.9137908076385233	0.4586036958777465	7	8
1705	0.6352698537661614	0.1351389758758258	0	6
1706	0.16206495789775488	0.8775303659298634	5	4
1707	11.30457778383656	0.6570706486130086	7	0
