aa_pos	nbhd_case	nbhd_ctrl	p_value	ratio	p_values_0	p_values_1	p_values_2
1	0	0	1.0	0.25	1.0	1.0	1.0
2	0	0	1.0	0.25	1.0	1.0	1.0
3	0	0	1.0	0.25	1.0	1.0	1.0
4	0	0	1.0	0.25	1.0	1.0	1.0
5	0	0	1.0	0.25	1.0	1.0	1.0
6	0	0	1.0	0.25	1.0	1.0	1.0
7	0	0	1.0	0.25	1.0	1.0	1.0
8	0	0	1.0	0.25	1.0	1.0	1.0
9	0	0	1.0	0.25	1.0	1.0	1.0
10	0	0	1.0	0.25	1.0	1.0	1.0
11	0	0	1.0	0.25	1.0	1.0	1.0
12	0	0	1.0	0.25	1.0	1.0	1.0
13	0	0	1.0	0.25	1.0	1.0	1.0
14	0	0	1.0	0.25	1.0	1.0	1.0
15	0	0	1.0	0.25	1.0	1.0	1.0
16	0	0	1.0	0.25	1.0	1.0	1.0
17	0	0	1.0	0.25	1.0	1.0	1.0
18	0	0	1.0	0.25	1.0	1.0	1.0
19	0	0	1.0	0.25	1.0	1.0	1.0
20	0	0	1.0	0.25	1.0	1.0	1.0
21	0	0	1.0	0.25	1.0	1.0	1.0
22	0	0	1.0	0.25	1.0	1.0	1.0
23	0	2	0.5707706489427777	0.07142857142857144	1.0	0.38741437083820773	1.0
24	1	2	1.0	0.4285714285714286	1.0	0.8550169277983473	0.8550169277983473
25	1	2	1.0	0.4285714285714286	1.0	0.8550169277983473	0.8550169277983473
26	1	2	1.0	0.4285714285714286	1.0	0.8550169277983473	0.8550169277983473
27	1	2	1.0	0.4285714285714286	1.0	0.8550169277983473	0.8550169277983473
28	1	2	1.0	0.4285714285714286	1.0	0.8550169277983473	0.8550169277983473
29	1	2	1.0	0.4285714285714286	1.0	0.8550169277983473	0.8550169277983473
30	1	2	1.0	0.4285714285714286	1.0	0.8550169277983473	0.8550169277983473
31	1	2	1.0	0.4285714285714286	1.0	0.8550169277983473	0.8550169277983473
32	1	2	1.0	0.4285714285714286	1.0	0.8550169277983473	0.8550169277983473
33	1	0	0.916532721356527	1.4999999999999998	1.0	1.0	0.916532721356527
34	1	2	1.0	0.4285714285714286	1.0	0.8550169277983473	0.8550169277983473
35	1	2	1.0	0.4285714285714286	1.0	0.8550169277983473	0.8550169277983473
36	1	0	0.916532721356527	1.4999999999999998	1.0	1.0	0.916532721356527
37	1	0	0.916532721356527	1.4999999999999998	1.0	1.0	0.916532721356527
38	2	1	0.8550169277983473	1.2222222222222223	0.32230179661562136	0.32230179661562136	1.0
39	1	1	1.0	0.6666666666666666	0.5707706489427777	0.5707706489427777	0.5707706489427777
40	0	1	1.0	0.11111111111111112	1.0	1.0	1.0
41	1	0	0.916532721356527	1.4999999999999998	1.0	1.0	0.916532721356527
42	1	1	1.0	0.6666666666666666	0.5707706489427777	0.5707706489427777	1.0
43	0	1	1.0	0.11111111111111112	1.0	1.0	1.0
44	0	0	1.0	0.25	1.0	1.0	1.0
45	1	0	0.916532721356527	1.4999999999999998	1.0	1.0	0.916532721356527
46	1	0	0.916532721356527	1.4999999999999998	1.0	1.0	0.916532721356527
47	0	0	1.0	0.25	1.0	1.0	1.0
48	0	0	1.0	0.25	1.0	1.0	1.0
49	1	0	0.916532721356527	1.4999999999999998	1.0	1.0	0.916532721356527
50	1	0	0.916532721356527	1.4999999999999998	1.0	1.0	0.916532721356527
51	0	0	1.0	0.25	1.0	1.0	1.0
52	0	0	1.0	0.25	1.0	1.0	1.0
53	0	2	0.5707706489427777	0.07142857142857144	1.0	0.38741437083820773	1.0
54	0	2	0.5707706489427777	0.07142857142857144	1.0	0.38741437083820773	1.0
55	0	2	0.5707706489427777	0.07142857142857144	1.0	0.38741437083820773	1.0
56	1	2	1.0	0.4285714285714286	1.0	0.8550169277983473	0.8550169277983473
57	1	3	0.7659403024224203	0.3157894736842105	1.0	1.0	1.0
58	1	2	1.0	0.4285714285714286	0.8550169277983473	0.8550169277983473	0.8550169277983473
59	1	2	1.0	0.4285714285714286	0.8550169277983473	0.8550169277983473	0.8550169277983473
60	2	3	1.0	0.5789473684210527	1.0	1.0	0.8122924213705134
61	1	3	0.7659403024224203	0.3157894736842105	1.0	1.0	1.0
62	1	3	0.7659403024224203	0.3157894736842105	1.0	1.0	1.0
63	1	3	0.7659403024224203	0.3157894736842105	1.0	1.0	1.0
64	1	3	0.7659403024224203	0.3157894736842105	1.0	1.0	1.0
65	2	3	1.0	0.5789473684210527	1.0	1.0	0.8122924213705134
66	2	3	1.0	0.5789473684210527	1.0	1.0	0.8122924213705134
67	2	3	1.0	0.5789473684210527	1.0	1.0	0.8122924213705134
68	2	3	1.0	0.5789473684210527	1.0	1.0	0.8122924213705134
69	2	3	1.0	0.5789473684210527	1.0	1.0	0.8122924213705134
70	2	4	0.8746971567181967	0.45833333333333337	0.8746971567181967	0.8746971567181967	1.0
71	2	3	1.0	0.5789473684210527	1.0	1.0	0.8122924213705134
72	1	4	0.4985400601168113	0.25	1.0	1.0	1.0
73	1	3	0.7659403024224203	0.3157894736842105	1.0	1.0	1.0
74	1	3	0.7659403024224203	0.3157894736842105	1.0	1.0	1.0
75	2	4	0.8746971567181967	0.45833333333333337	0.8746971567181967	0.8746971567181967	1.0
76	1	4	0.4985400601168113	0.25	1.0	1.0	1.0
77	1	2	1.0	0.4285714285714286	0.8550169277983473	0.8550169277983473	0.8550169277983473
78	2	4	0.8746971567181967	0.45833333333333337	0.8746971567181967	0.8746971567181967	1.0
79	1	3	0.7659403024224203	0.3157894736842105	1.0	1.0	1.0
80	0	3	0.32230179661562136	0.052631578947368425	1.0	0.8550169277983473	1.0
81	1	2	1.0	0.4285714285714286	1.0	0.8550169277983473	0.8550169277983473
82	1	3	0.7659403024224203	0.3157894736842105	0.7659403024224203	1.0	1.0
83	1	3	0.7659403024224203	0.3157894736842105	0.7659403024224203	1.0	1.0
84	2	4	0.8746971567181967	0.45833333333333337	1.0	0.8746971567181967	1.0
85	2	4	0.8746971567181967	0.45833333333333337	1.0	0.8746971567181967	1.0
86	1	3	0.7659403024224203	0.3157894736842105	1.0	0.18802362480979026	0.7659403024224203
87	1	4	0.4985400601168113	0.25	1.0	0.11159899812604612	1.0
88	1	4	0.4985400601168113	0.25	1.0	0.11159899812604612	1.0
89	2	7	0.2897806434946989	0.2820512820512821	1.0	0.2897806434946989	1.0
90	3	5	0.950851143701972	0.5517241379310345	1.0	0.950851143701972	0.5037922517601838
91	2	4	0.8746971567181967	0.45833333333333337	0.8746971567181967	1.0	0.496681934775137
92	2	4	0.8746971567181967	0.45833333333333337	0.8746971567181967	1.0	0.496681934775137
93	2	4	0.8746971567181967	0.45833333333333337	0.8746971567181967	1.0	0.496681934775137
94	1	1	1.0	0.6666666666666666	0.5707706489427777	1.0	0.38741437083820773
95	0	1	1.0	0.11111111111111112	1.0	1.0	0.916532721356527
96	0	0	1.0	0.25	1.0	1.0	1.0
97	1	0	0.916532721356527	1.4999999999999998	1.0	0.916532721356527	0.916532721356527
98	1	2	1.0	0.4285714285714286	1.0	1.0	0.8550169277983473
99	2	1	0.8550169277983473	1.2222222222222223	1.0	0.8550169277983473	0.8550169277983473
100	1	0	0.916532721356527	1.4999999999999998	1.0	0.916532721356527	0.916532721356527
101	3	2	0.8122924213705134	1.142857142857143	0.4985400601168113	0.4985400601168113	0.8122924213705134
102	5	1	0.12923273981185768	2.888888888888889	0.31968291409810823	0.8746971567181967	0.496681934775137
103	4	1	0.24943284020538684	2.3333333333333335	0.4985400601168113	1.0	1.0
104	3	0	0.17535994693641072	4.0	0.32230179661562136	1.0	0.8550169277983473
105	4	0	0.08188911203082813	5.25	0.7659403024224203	0.7659403024224203	1.0
106	3	0	0.17535994693641072	4.0	1.0	0.32230179661562136	0.8550169277983473
107	4	0	0.08188911203082813	5.25	0.7659403024224203	0.7659403024224203	0.7659403024224203
108	5	1	0.12923273981185768	2.888888888888889	0.8746971567181967	1.0	0.8746971567181967
109	2	1	0.8550169277983473	1.2222222222222223	1.0	0.8550169277983473	1.0
110	3	1	0.4708666542801552	1.777777777777778	0.7659403024224203	0.4708666542801552	0.7659403024224203
111	3	1	0.4708666542801552	1.777777777777778	0.7659403024224203	0.4708666542801552	0.7659403024224203
112	3	1	0.4708666542801552	1.777777777777778	0.7659403024224203	0.4708666542801552	0.7659403024224203
113	3	1	0.4708666542801552	1.777777777777778	0.7659403024224203	0.4708666542801552	0.7659403024224203
114	3	1	0.4708666542801552	1.777777777777778	0.7659403024224203	0.4708666542801552	0.7659403024224203
115	3	3	1.0	0.8421052631578948	0.31968291409810823	1.0	0.31968291409810823
116	3	1	0.4708666542801552	1.777777777777778	0.7659403024224203	0.4708666542801552	0.7659403024224203
117	2	1	0.8550169277983473	1.2222222222222223	0.32230179661562136	0.17535994693641072	1.0
118	3	3	1.0	0.8421052631578948	0.31968291409810823	1.0	0.31968291409810823
119	3	3	1.0	0.8421052631578948	0.31968291409810823	0.8746971567181967	0.8746971567181967
120	1	0	0.916532721356527	1.4999999999999998	1.0	0.916532721356527	1.0
121	3	1	0.4708666542801552	1.777777777777778	0.7659403024224203	0.4708666542801552	0.7659403024224203
122	2	4	0.8746971567181967	0.45833333333333337	0.8746971567181967	1.0	0.8746971567181967
123	1	1	1.0	0.6666666666666666	1.0	1.0	1.0
124	1	1	1.0	0.6666666666666666	1.0	1.0	1.0
125	1	1	1.0	0.6666666666666666	1.0	1.0	1.0
126	0	1	1.0	0.11111111111111112	0.916532721356527	0.916532721356527	1.0
127	0	1	1.0	0.11111111111111112	0.916532721356527	0.916532721356527	1.0
128	0	1	1.0	0.11111111111111112	0.916532721356527	0.916532721356527	1.0
129	0	1	1.0	0.11111111111111112	0.916532721356527	0.916532721356527	1.0
130	0	1	1.0	0.11111111111111112	0.916532721356527	0.916532721356527	1.0
131	1	2	1.0	0.4285714285714286	0.8550169277983473	0.8550169277983473	0.8550169277983473
132	0	2	0.5707706489427777	0.07142857142857144	0.38741437083820773	0.38741437083820773	1.0
133	0	2	0.5707706489427777	0.07142857142857144	0.38741437083820773	0.38741437083820773	1.0
134	0	2	0.5707706489427777	0.07142857142857144	0.38741437083820773	0.38741437083820773	1.0
135	0	4	0.18802362480979026	0.04166666666666667	0.4708666542801552	0.4708666542801552	0.4708666542801552
136	1	3	0.7659403024224203	0.3157894736842105	1.0	0.4708666542801552	0.4708666542801552
137	1	5	0.31968291409810823	0.20689655172413793	0.496681934775137	0.12923273981185768	1.0
138	1	3	0.7659403024224203	0.3157894736842105	1.0	0.08188911203082813	1.0
139	2	4	0.8746971567181967	0.45833333333333337	1.0	0.496681934775137	0.496681934775137
140	2	4	0.8746971567181967	0.45833333333333337	1.0	0.496681934775137	0.496681934775137
141	1	2	1.0	0.4285714285714286	1.0	0.8550169277983473	0.17535994693641072
142	1	2	1.0	0.4285714285714286	1.0	0.8550169277983473	0.17535994693641072
143	1	1	1.0	0.6666666666666666	1.0	1.0	0.38741437083820773
144	1	1	1.0	0.6666666666666666	1.0	1.0	0.38741437083820773
145	1	1	1.0	0.6666666666666666	1.0	1.0	0.38741437083820773
146	1	4	0.4985400601168113	0.25	0.4985400601168113	1.0	0.8122924213705134
147	1	2	1.0	0.4285714285714286	1.0	0.8550169277983473	0.17535994693641072
148	1	3	0.7659403024224203	0.3157894736842105	0.7659403024224203	0.7659403024224203	1.0
149	2	5	0.6205683061422069	0.37931034482758624	0.20302760916839405	1.0	0.7772666051169739
150	2	4	0.8746971567181967	0.45833333333333337	0.31968291409810823	1.0	1.0
151	3	4	1.0	0.6666666666666667	0.6205683061422069	1.0	1.0
152	3	4	1.0	0.6666666666666667	0.20302760916839405	0.6205683061422069	1.0
153	4	6	1.0	0.6176470588235294	0.19277911090592442	0.9897789728037683	0.9897789728037683
154	4	3	0.7772666051169739	1.105263157894737	0.20302760916839405	1.0	0.6205683061422069
155	2	3	1.0	0.5789473684210527	0.4985400601168113	1.0	0.4985400601168113
156	2	4	0.8746971567181967	0.45833333333333337	0.31968291409810823	0.8746971567181967	0.8746971567181967
157	4	4	1.0	0.8750000000000001	0.42847102439120577	1.0	0.42847102439120577
158	2	3	1.0	0.5789473684210527	0.4985400601168113	1.0	0.4985400601168113
159	2	3	1.0	0.5789473684210527	0.4985400601168113	1.0	0.4985400601168113
160	4	4	1.0	0.8750000000000001	0.42847102439120577	0.950851143701972	0.950851143701972
161	6	3	0.3107035427655028	1.6315789473684212	0.2897806434946989	0.7130077021834365	0.7130077021834365
162	2	3	1.0	0.5789473684210527	0.4985400601168113	1.0	0.4985400601168113
163	4	3	0.7772666051169739	1.105263157894737	0.6205683061422069	1.0	0.6205683061422069
164	6	1	0.06595360860038497	3.4444444444444446	0.6205683061422069	1.0	1.0
165	6	1	0.06595360860038497	3.4444444444444446	0.6205683061422069	1.0	1.0
166	5	1	0.12923273981185768	2.888888888888889	0.31968291409810823	0.8746971567181967	1.0
167	6	1	0.06595360860038497	3.4444444444444446	1.0	1.0	0.7772666051169739
168	7	1	0.03326415342990244	4.0	0.950851143701972	1.0	0.5037922517601838
169	5	0	0.03882976310756443	6.5	0.4985400601168113	0.4985400601168113	0.8122924213705134
170	4	0	0.08188911203082813	5.25	0.7659403024224203	0.7659403024224203	0.4708666542801552
171	6	2	0.1619006725408006	2.2142857142857144	0.950851143701972	0.950851143701972	0.1619006725408006
172	7	4	0.32279565609625926	1.5	0.7874269018877686	1.0	0.32279565609625926
173	2	1	0.8550169277983473	1.2222222222222223	0.32230179661562136	1.0	0.17535994693641072
174	3	2	0.8122924213705134	1.142857142857143	0.8122924213705134	1.0	0.24943284020538684
175	6	5	0.7191927394092367	1.0689655172413794	0.7191927394092367	0.7191927394092367	0.32279565609625926
176	3	5	0.950851143701972	0.5517241379310345	0.950851143701972	1.0	1.0
177	1	3	0.7659403024224203	0.3157894736842105	0.7659403024224203	1.0	1.0
178	6	5	0.7191927394092367	1.0689655172413794	0.10567973252449872	1.0	1.0
179	7	6	0.6938607416523797	1.0588235294117647	0.3288250136852512	1.0	1.0
180	4	6	1.0	0.6176470588235294	0.5025922561108833	0.5190596650403075	0.9897789728037683
181	5	4	0.7467228003864763	1.0833333333333335	0.3107035427655028	1.0	1.0
182	5	4	0.7467228003864763	1.0833333333333335	0.3107035427655028	1.0	1.0
183	5	5	0.9897789728037683	0.896551724137931	0.5025922561108833	1.0	1.0
184	3	4	1.0	0.6666666666666667	0.7772666051169739	0.20302760916839405	1.0
185	3	4	1.0	0.6666666666666667	0.7772666051169739	0.20302760916839405	1.0
186	4	6	1.0	0.6176470588235294	0.9897789728037683	0.19277911090592442	0.5190596650403075
187	3	4	1.0	0.6666666666666667	0.7772666051169739	0.20302760916839405	1.0
188	3	4	1.0	0.6666666666666667	0.7772666051169739	0.20302760916839405	1.0
189	7	7	0.898065813849968	0.9230769230769231	1.0	0.11808035033137997	1.0
190	7	6	0.6938607416523797	1.0588235294117647	1.0	0.17542863964322813	0.8499039724801238
191	5	6	1.0	0.7647058823529412	0.368735376145937	0.12650359396900934	0.7874269018877686
192	4	7	0.7874269018877686	0.5384615384615385	0.7874269018877686	0.368735376145937	1.0
193	1	5	0.31968291409810823	0.20689655172413793	0.31968291409810823	0.8746971567181967	0.8746971567181967
194	2	4	0.8746971567181967	0.45833333333333337	0.8746971567181967	0.8746971567181967	1.0
195	2	3	1.0	0.5789473684210527	1.0	1.0	0.8122924213705134
196	2	3	1.0	0.5789473684210527	1.0	1.0	0.8122924213705134
197	2	3	1.0	0.5789473684210527	1.0	1.0	0.8122924213705134
198	2	3	1.0	0.5789473684210527	1.0	1.0	0.8122924213705134
199	2	1	0.8550169277983473	1.2222222222222223	1.0	0.32230179661562136	0.8550169277983473
200	2	3	1.0	0.5789473684210527	1.0	1.0	0.8122924213705134
201	2	4	0.8746971567181967	0.45833333333333337	0.8746971567181967	0.8746971567181967	1.0
202	2	4	0.8746971567181967	0.45833333333333337	0.8746971567181967	0.06687332726305449	0.8746971567181967
203	3	6	0.7130077021834365	0.4705882352941177	1.0	0.2897806434946989	1.0
204	2	4	0.8746971567181967	0.45833333333333337	0.8746971567181967	0.06687332726305449	0.8746971567181967
205	2	6	0.42847102439120577	0.3235294117647059	0.950851143701972	0.42847102439120577	0.950851143701972
206	2	5	0.6205683061422069	0.37931034482758624	1.0	0.6205683061422069	1.0
207	3	6	0.7130077021834365	0.4705882352941177	1.0	0.2897806434946989	1.0
208	3	5	0.950851143701972	0.5517241379310345	1.0	0.42847102439120577	1.0
209	3	4	1.0	0.6666666666666667	0.6205683061422069	0.6205683061422069	0.7772666051169739
210	2	4	0.8746971567181967	0.45833333333333337	0.8746971567181967	0.8746971567181967	1.0
211	3	4	1.0	0.6666666666666667	0.6205683061422069	0.6205683061422069	0.7772666051169739
212	2	4	0.8746971567181967	0.45833333333333337	0.8746971567181967	0.8746971567181967	1.0
213	2	4	0.8746971567181967	0.45833333333333337	0.8746971567181967	0.8746971567181967	1.0
214	2	4	0.8746971567181967	0.45833333333333337	0.8746971567181967	0.8746971567181967	1.0
215	2	3	1.0	0.5789473684210527	0.4985400601168113	1.0	1.0
216	4	5	1.0	0.7241379310344828	0.2897806434946989	0.7130077021834365	1.0
217	5	2	0.28877586314715975	1.8571428571428574	0.6205683061422069	0.20302760916839405	1.0
218	5	2	0.28877586314715975	1.8571428571428574	0.6205683061422069	0.20302760916839405	0.6205683061422069
219	6	4	0.5025922561108833	1.2916666666666667	0.5190596650403075	0.19277911090592442	0.19277911090592442
220	6	3	0.3107035427655028	1.6315789473684212	0.7130077021834365	0.2897806434946989	0.2897806434946989
221	6	4	0.5025922561108833	1.2916666666666667	0.9897789728037683	0.0499948828370631	0.5190596650403075
222	4	5	1.0	0.7241379310344828	1.0	0.7130077021834365	1.0
223	4	5	1.0	0.7241379310344828	1.0	0.7130077021834365	1.0
224	3	4	1.0	0.6666666666666667	1.0	0.6205683061422069	1.0
225	2	3	1.0	0.5789473684210527	0.4985400601168113	1.0	1.0
226	2	2	1.0	0.7857142857142858	0.7659403024224203	1.0	1.0
227	2	3	1.0	0.5789473684210527	0.4985400601168113	1.0	1.0
228	1	3	0.7659403024224203	0.3157894736842105	0.7659403024224203	1.0	0.7659403024224203
229	1	3	0.7659403024224203	0.3157894736842105	0.7659403024224203	1.0	0.7659403024224203
230	1	1	1.0	0.6666666666666666	0.5707706489427777	0.5707706489427777	0.5707706489427777
231	1	1	1.0	0.6666666666666666	0.5707706489427777	0.5707706489427777	0.5707706489427777
232	1	1	1.0	0.6666666666666666	0.5707706489427777	0.5707706489427777	0.5707706489427777
233	1	1	1.0	0.6666666666666666	0.5707706489427777	0.5707706489427777	0.5707706489427777
234	1	1	1.0	0.6666666666666666	0.5707706489427777	0.5707706489427777	0.5707706489427777
235	3	2	0.8122924213705134	1.142857142857143	0.4985400601168113	0.4985400601168113	1.0
236	3	2	0.8122924213705134	1.142857142857143	0.4985400601168113	0.4985400601168113	1.0
237	4	2	0.496681934775137	1.5000000000000002	0.31968291409810823	0.31968291409810823	0.8746971567181967
238	3	2	0.8122924213705134	1.142857142857143	0.4985400601168113	0.4985400601168113	1.0
239	4	2	0.496681934775137	1.5000000000000002	0.31968291409810823	0.31968291409810823	0.8746971567181967
240	4	1	0.24943284020538684	2.3333333333333335	0.4985400601168113	0.4985400601168113	1.0
241	1	0	0.916532721356527	1.4999999999999998	1.0	1.0	1.0
242	1	1	1.0	0.6666666666666666	0.5707706489427777	0.5707706489427777	0.5707706489427777
243	1	0	0.916532721356527	1.4999999999999998	1.0	1.0	1.0
244	1	1	1.0	0.6666666666666666	0.5707706489427777	0.5707706489427777	0.5707706489427777
245	2	1	0.8550169277983473	1.2222222222222223	0.32230179661562136	0.32230179661562136	0.32230179661562136
246	1	1	1.0	0.6666666666666666	0.5707706489427777	0.5707706489427777	0.5707706489427777
247	1	1	1.0	0.6666666666666666	0.5707706489427777	0.5707706489427777	0.5707706489427777
248	1	1	1.0	0.6666666666666666	0.5707706489427777	0.5707706489427777	0.5707706489427777
249	1	1	1.0	0.6666666666666666	0.5707706489427777	0.5707706489427777	0.5707706489427777
250	1	1	1.0	0.6666666666666666	0.5707706489427777	0.5707706489427777	0.5707706489427777
251	1	1	1.0	0.6666666666666666	0.5707706489427777	0.5707706489427777	0.5707706489427777
252	1	1	1.0	0.6666666666666666	0.5707706489427777	0.5707706489427777	0.5707706489427777
253	0	1	1.0	0.11111111111111112	1.0	1.0	1.0
254	1	1	1.0	0.6666666666666666	0.5707706489427777	0.5707706489427777	0.5707706489427777
255	1	1	1.0	0.6666666666666666	0.5707706489427777	0.5707706489427777	0.5707706489427777
256	2	1	0.8550169277983473	1.2222222222222223	0.32230179661562136	0.32230179661562136	1.0
257	2	3	1.0	0.5789473684210527	0.4985400601168113	1.0	1.0
258	2	3	1.0	0.5789473684210527	0.4985400601168113	1.0	1.0
259	2	1	0.8550169277983473	1.2222222222222223	0.32230179661562136	0.32230179661562136	1.0
260	4	4	1.0	0.8750000000000001	0.42847102439120577	0.950851143701972	1.0
261	4	3	0.7772666051169739	1.105263157894737	1.0	0.20302760916839405	1.0
262	4	2	0.496681934775137	1.5000000000000002	0.31968291409810823	0.31968291409810823	0.8746971567181967
263	5	2	0.28877586314715975	1.8571428571428574	0.6205683061422069	0.20302760916839405	0.6205683061422069
264	5	2	0.28877586314715975	1.8571428571428574	0.6205683061422069	0.20302760916839405	0.6205683061422069
265	5	2	0.28877586314715975	1.8571428571428574	0.6205683061422069	0.20302760916839405	0.6205683061422069
266	5	2	0.28877586314715975	1.8571428571428574	0.6205683061422069	0.20302760916839405	0.6205683061422069
267	4	2	0.496681934775137	1.5000000000000002	0.8746971567181967	0.31968291409810823	0.8746971567181967
268	3	2	0.8122924213705134	1.142857142857143	0.4985400601168113	0.4985400601168113	1.0
269	1	1	1.0	0.6666666666666666	0.5707706489427777	0.5707706489427777	0.5707706489427777
270	2	4	0.8746971567181967	0.45833333333333337	0.31968291409810823	0.8746971567181967	0.8746971567181967
271	2	4	0.8746971567181967	0.45833333333333337	0.31968291409810823	0.8746971567181967	0.8746971567181967
272	2	3	1.0	0.5789473684210527	1.0	1.0	0.8122924213705134
273	2	4	0.8746971567181967	0.45833333333333337	0.8746971567181967	0.8746971567181967	1.0
274	1	3	0.7659403024224203	0.3157894736842105	0.7659403024224203	1.0	1.0
275	1	3	0.7659403024224203	0.3157894736842105	0.7659403024224203	1.0	1.0
276	1	3	0.7659403024224203	0.3157894736842105	0.7659403024224203	1.0	1.0
277	2	4	0.8746971567181967	0.45833333333333337	1.0	0.8746971567181967	1.0
278	1	1	1.0	0.6666666666666666	0.5707706489427777	0.5707706489427777	1.0
279	1	3	0.7659403024224203	0.3157894736842105	0.7659403024224203	1.0	1.0
280	1	3	0.7659403024224203	0.3157894736842105	0.7659403024224203	1.0	1.0
281	1	0	0.916532721356527	1.4999999999999998	1.0	1.0	0.916532721356527
282	1	1	1.0	0.6666666666666666	0.5707706489427777	0.5707706489427777	1.0
283	1	1	1.0	0.6666666666666666	0.5707706489427777	0.5707706489427777	1.0
284	1	0	0.916532721356527	1.4999999999999998	1.0	1.0	0.916532721356527
285	1	0	0.916532721356527	1.4999999999999998	1.0	1.0	0.916532721356527
286	0	0	1.0	0.25	1.0	1.0	1.0
287	1	0	0.916532721356527	1.4999999999999998	1.0	1.0	0.916532721356527
288	0	0	1.0	0.25	1.0	1.0	1.0
289	0	2	0.5707706489427777	0.07142857142857144	1.0	0.5707706489427777	1.0
290	0	2	0.5707706489427777	0.07142857142857144	1.0	0.5707706489427777	1.0
291	0	0	1.0	0.25	1.0	1.0	1.0
292	0	0	1.0	0.25	1.0	1.0	1.0
293	1	2	1.0	0.4285714285714286	1.0	1.0	0.8550169277983473
294	0	0	1.0	0.25	1.0	1.0	1.0
295	0	0	1.0	0.25	1.0	1.0	1.0
296	0	0	1.0	0.25	1.0	1.0	1.0
297	1	0	0.916532721356527	1.4999999999999998	1.0	0.916532721356527	0.916532721356527
298	0	0	1.0	0.25	1.0	1.0	1.0
299	0	0	1.0	0.25	1.0	1.0	1.0
300	0	0	1.0	0.25	1.0	1.0	1.0
301	0	0	1.0	0.25	1.0	1.0	1.0
302	0	0	1.0	0.25	1.0	1.0	1.0
303	0	0	1.0	0.25	1.0	1.0	1.0
304	0	0	1.0	0.25	1.0	1.0	1.0
305	0	0	1.0	0.25	1.0	1.0	1.0
306	0	0	1.0	0.25	1.0	1.0	1.0
307	0	0	1.0	0.25	1.0	1.0	1.0
308	0	0	1.0	0.25	1.0	1.0	1.0
309	0	0	1.0	0.25	1.0	1.0	1.0
310	0	0	1.0	0.25	1.0	1.0	1.0
311	0	0	1.0	0.25	1.0	1.0	1.0
312	0	0	1.0	0.25	1.0	1.0	1.0
313	1	1	1.0	0.6666666666666666	0.5707706489427777	1.0	0.5707706489427777
314	1	1	1.0	0.6666666666666666	0.5707706489427777	1.0	0.5707706489427777
315	1	1	1.0	0.6666666666666666	0.5707706489427777	1.0	0.5707706489427777
316	1	1	1.0	0.6666666666666666	0.5707706489427777	1.0	0.5707706489427777
317	1	1	1.0	0.6666666666666666	0.5707706489427777	1.0	0.5707706489427777
318	2	1	0.8550169277983473	1.2222222222222223	0.32230179661562136	0.8550169277983473	1.0
319	2	1	0.8550169277983473	1.2222222222222223	0.32230179661562136	0.8550169277983473	1.0
320	2	1	0.8550169277983473	1.2222222222222223	0.32230179661562136	0.8550169277983473	1.0
321	2	1	0.8550169277983473	1.2222222222222223	0.32230179661562136	0.8550169277983473	1.0
322	1	0	0.916532721356527	1.4999999999999998	1.0	0.916532721356527	0.916532721356527
323	1	0	0.916532721356527	1.4999999999999998	1.0	0.916532721356527	0.916532721356527
324	1	0	0.916532721356527	1.4999999999999998	1.0	0.916532721356527	0.916532721356527
325	1	0	0.916532721356527	1.4999999999999998	1.0	0.916532721356527	0.916532721356527
326	1	0	0.916532721356527	1.4999999999999998	1.0	0.916532721356527	0.916532721356527
327	0	0	1.0	0.25	1.0	1.0	1.0
328	0	0	1.0	0.25	1.0	1.0	1.0
329	0	0	1.0	0.25	1.0	1.0	1.0
330	0	0	1.0	0.25	1.0	1.0	1.0
331	0	0	1.0	0.25	1.0	1.0	1.0
332	0	0	1.0	0.25	1.0	1.0	1.0
333	0	0	1.0	0.25	1.0	1.0	1.0
334	0	0	1.0	0.25	1.0	1.0	1.0
335	0	0	1.0	0.25	1.0	1.0	1.0
336	0	0	1.0	0.25	1.0	1.0	1.0
337	0	0	1.0	0.25	1.0	1.0	1.0
338	0	0	1.0	0.25	1.0	1.0	1.0
339	0	0	1.0	0.25	1.0	1.0	1.0
340	0	0	1.0	0.25	1.0	1.0	1.0
341	0	0	1.0	0.25	1.0	1.0	1.0
342	0	0	1.0	0.25	1.0	1.0	1.0
343	0	0	1.0	0.25	1.0	1.0	1.0
344	0	0	1.0	0.25	1.0	1.0	1.0
345	0	0	1.0	0.25	1.0	1.0	1.0
346	0	0	1.0	0.25	1.0	1.0	1.0
347	0	0	1.0	0.25	1.0	1.0	1.0
348	0	0	1.0	0.25	1.0	1.0	1.0
349	0	0	1.0	0.25	1.0	1.0	1.0
350	0	0	1.0	0.25	1.0	1.0	1.0
351	0	0	1.0	0.25	1.0	1.0	1.0
352	0	0	1.0	0.25	1.0	1.0	1.0
353	0	0	1.0	0.25	1.0	1.0	1.0
354	0	0	1.0	0.25	1.0	1.0	1.0
355	0	0	1.0	0.25	1.0	1.0	1.0
356	1	0	0.916532721356527	1.4999999999999998	0.916532721356527	1.0	1.0
357	1	3	0.7659403024224203	0.3157894736842105	1.0	1.0	0.7659403024224203
358	1	3	0.7659403024224203	0.3157894736842105	1.0	1.0	0.7659403024224203
359	1	3	0.7659403024224203	0.3157894736842105	1.0	1.0	0.7659403024224203
360	1	5	0.31968291409810823	0.20689655172413793	0.496681934775137	0.8746971567181967	0.31968291409810823
361	0	6	0.06687332726305449	0.029411764705882356	0.8746971567181967	0.8746971567181967	0.31968291409810823
362	3	7	0.5190596650403075	0.4102564102564103	0.5025922561108833	0.5190596650403075	0.0499948828370631
363	1	8	0.08022427971951071	0.13636363636363635	0.7467228003864763	0.7130077021834365	0.2897806434946989
364	1	7	0.12801319840935863	0.15384615384615385	1.0	0.950851143701972	0.42847102439120577
365	0	8	0.024312392215460513	0.022727272727272728	1.0	0.42847102439120577	0.42847102439120577
366	0	2	0.5707706489427777	0.07142857142857144	0.38741437083820773	0.5707706489427777	1.0
367	0	2	0.5707706489427777	0.07142857142857144	0.38741437083820773	0.5707706489427777	1.0
368	0	2	0.5707706489427777	0.07142857142857144	0.38741437083820773	0.5707706489427777	1.0
369	0	2	0.5707706489427777	0.07142857142857144	0.38741437083820773	0.5707706489427777	1.0
370	0	2	0.5707706489427777	0.07142857142857144	0.38741437083820773	0.5707706489427777	1.0
371	0	2	0.5707706489427777	0.07142857142857144	0.38741437083820773	0.5707706489427777	1.0
372	0	2	0.5707706489427777	0.07142857142857144	0.38741437083820773	0.5707706489427777	1.0
373	0	2	0.5707706489427777	0.07142857142857144	0.38741437083820773	0.5707706489427777	1.0
374	0	1	1.0	0.11111111111111112	0.916532721356527	1.0	1.0
375	0	1	1.0	0.11111111111111112	0.916532721356527	1.0	1.0
376	0	1	1.0	0.11111111111111112	0.916532721356527	1.0	1.0
377	0	2	0.5707706489427777	0.07142857142857144	0.38741437083820773	0.5707706489427777	0.5707706489427777
378	0	2	0.5707706489427777	0.07142857142857144	1.0	0.5707706489427777	1.0
379	1	2	1.0	0.4285714285714286	1.0	1.0	0.8550169277983473
380	2	5	0.6205683061422069	0.37931034482758624	1.0	1.0	0.7772666051169739
381	2	4	0.8746971567181967	0.45833333333333337	0.8746971567181967	1.0	0.496681934775137
382	3	8	0.368735376145937	0.36363636363636365	1.0	0.7874269018877686	0.7874269018877686
383	6	6	0.9405457749494737	0.911764705882353	0.5961546956936445	0.49707060933972524	1.0
384	6	7	1.0	0.7948717948717949	0.6938607416523797	1.0	0.8499039724801238
385	4	5	1.0	0.7241379310344828	1.0	0.7467228003864763	0.7130077021834365
386	4	4	1.0	0.8750000000000001	0.950851143701972	0.5037922517601838	0.950851143701972
387	7	6	0.6938607416523797	1.0588235294117647	0.4400533758160907	1.0	0.8499039724801238
388	4	6	1.0	0.6176470588235294	1.0	0.9897789728037683	0.5190596650403075
389	3	3	1.0	0.8421052631578948	0.8746971567181967	1.0	0.31968291409810823
390	7	3	0.18417061132735574	1.8947368421052633	0.5190596650403075	0.9897789728037683	1.0
391	7	2	0.08828208431457835	2.5714285714285716	0.08022427971951071	0.7467228003864763	0.3107035427655028
392	7	5	0.49707060933972524	1.2413793103448276	0.25660141106633566	1.0	1.0
393	6	0	0.01854518961352272	7.75	0.31968291409810823	0.496681934775137	1.0
394	7	0	0.008879296911563125	9.0	0.20302760916839405	0.7772666051169739	1.0
395	7	1	0.03326415342990244	4.0	0.12801319840935863	0.950851143701972	0.5037922517601838
396	6	1	0.06595360860038497	3.4444444444444446	0.20302760916839405	1.0	0.28877586314715975
397	6	0	0.01854518961352272	7.75	0.06687332726305449	1.0	1.0
398	7	0	0.008879296911563125	9.0	0.20302760916839405	1.0	0.7772666051169739
399	7	0	0.008879296911563125	9.0	0.20302760916839405	1.0	0.7772666051169739
400	5	0	0.03882976310756443	6.5	0.4985400601168113	1.0	0.24943284020538684
401	6	1	0.06595360860038497	3.4444444444444446	0.20302760916839405	1.0	0.28877586314715975
402	5	0	0.03882976310756443	6.5	0.4985400601168113	1.0	0.8122924213705134
403	2	1	0.8550169277983473	1.2222222222222223	0.8550169277983473	0.8550169277983473	0.17535994693641072
404	3	2	0.8122924213705134	1.142857142857143	1.0	0.03882976310756443	0.8122924213705134
405	3	2	0.8122924213705134	1.142857142857143	1.0	0.03882976310756443	0.8122924213705134
406	4	2	0.496681934775137	1.5000000000000002	0.496681934775137	0.496681934775137	0.496681934775137
407	3	4	1.0	0.6666666666666667	0.7772666051169739	0.28877586314715975	0.28877586314715975
408	3	4	1.0	0.6666666666666667	0.7772666051169739	0.28877586314715975	0.28877586314715975
409	3	4	1.0	0.6666666666666667	0.7772666051169739	0.28877586314715975	0.28877586314715975
410	2	3	1.0	0.5789473684210527	0.24943284020538684	0.8122924213705134	0.8122924213705134
411	2	4	0.8746971567181967	0.45833333333333337	0.496681934775137	0.496681934775137	0.496681934775137
412	2	4	0.8746971567181967	0.45833333333333337	0.496681934775137	0.496681934775137	0.496681934775137
413	2	3	1.0	0.5789473684210527	0.24943284020538684	0.8122924213705134	0.8122924213705134
414	2	3	1.0	0.5789473684210527	0.24943284020538684	0.8122924213705134	0.8122924213705134
415	2	3	1.0	0.5789473684210527	0.24943284020538684	0.8122924213705134	0.8122924213705134
416	2	6	0.42847102439120577	0.3235294117647059	0.1619006725408006	0.1619006725408006	0.5037922517601838
417	2	4	0.8746971567181967	0.45833333333333337	0.12923273981185768	0.496681934775137	1.0
418	1	3	0.7659403024224203	0.3157894736842105	0.4708666542801552	1.0	0.4708666542801552
419	2	3	1.0	0.5789473684210527	0.24943284020538684	0.8122924213705134	0.8122924213705134
420	1	3	0.7659403024224203	0.3157894736842105	0.4708666542801552	0.4708666542801552	1.0
421	0	2	0.5707706489427777	0.07142857142857144	0.38741437083820773	1.0	1.0
422	0	1	1.0	0.11111111111111112	0.916532721356527	1.0	0.916532721356527
423	0	1	1.0	0.11111111111111112	0.916532721356527	1.0	0.916532721356527
424	0	1	1.0	0.11111111111111112	0.916532721356527	1.0	0.916532721356527
425	0	2	0.5707706489427777	0.07142857142857144	0.38741437083820773	1.0	1.0
426	0	2	0.5707706489427777	0.07142857142857144	0.38741437083820773	1.0	1.0
427	0	1	1.0	0.11111111111111112	0.916532721356527	0.916532721356527	1.0
428	0	1	1.0	0.11111111111111112	0.916532721356527	0.916532721356527	1.0
429	0	1	1.0	0.11111111111111112	0.916532721356527	0.916532721356527	1.0
430	0	1	1.0	0.11111111111111112	0.916532721356527	0.916532721356527	1.0
431	0	1	1.0	0.11111111111111112	0.916532721356527	0.916532721356527	1.0
432	0	1	1.0	0.11111111111111112	0.916532721356527	0.916532721356527	1.0
433	0	1	1.0	0.11111111111111112	0.916532721356527	0.916532721356527	1.0
434	1	1	1.0	0.6666666666666666	1.0	0.38741437083820773	0.5707706489427777
435	2	2	1.0	0.7857142857142858	1.0	0.4708666542801552	1.0
436	1	3	0.7659403024224203	0.3157894736842105	0.4708666542801552	0.4708666542801552	1.0
437	1	3	0.7659403024224203	0.3157894736842105	0.4708666542801552	0.4708666542801552	1.0
438	1	3	0.7659403024224203	0.3157894736842105	1.0	0.08188911203082813	1.0
439	2	5	0.6205683061422069	0.37931034482758624	0.28877586314715975	0.06595360860038497	0.7772666051169739
440	2	4	0.8746971567181967	0.45833333333333337	0.12923273981185768	0.12923273981185768	1.0
441	3	3	1.0	0.8421052631578948	0.496681934775137	0.12923273981185768	0.8746971567181967
442	3	4	1.0	0.6666666666666667	0.7772666051169739	0.06595360860038497	0.7772666051169739
443	3	5	0.950851143701972	0.5517241379310345	0.5037922517601838	0.1619006725408006	0.5037922517601838
444	3	2	0.8122924213705134	1.142857142857143	0.8122924213705134	0.24943284020538684	1.0
445	4	1	0.24943284020538684	2.3333333333333335	0.8122924213705134	0.24943284020538684	0.4985400601168113
446	4	4	1.0	0.8750000000000001	0.5037922517601838	0.1619006725408006	1.0
447	4	4	1.0	0.8750000000000001	1.0	0.1619006725408006	0.5037922517601838
448	8	1	0.016606162100370848	4.555555555555555	0.7130077021834365	0.3107035427655028	0.7130077021834365
449	9	2	0.024632882963437665	3.2857142857142856	0.7874269018877686	0.32279565609625926	0.7874269018877686
450	9	2	0.024632882963437665	3.2857142857142856	0.368735376145937	0.10567973252449872	1.0
451	8	1	0.016606162100370848	4.555555555555555	0.2897806434946989	0.3107035427655028	1.0
452	10	1	0.004023631342706189	5.666666666666666	0.12650359396900934	0.7191927394092367	1.0
453	10	1	0.004023631342706189	5.666666666666666	0.368735376145937	0.7191927394092367	1.0
454	7	1	0.03326415342990244	4.0	0.12801319840935863	1.0	0.5037922517601838
455	8	0	0.004249074626144089	10.249999999999998	0.42847102439120577	1.0	0.5037922517601838
456	9	0	0.002028028343274084	11.499999999999998	0.7130077021834365	0.7467228003864763	0.7467228003864763
457	10	0	0.0009639550716393262	12.749999999999998	0.5190596650403075	0.5025922561108833	0.5025922561108833
458	8	1	0.016606162100370848	4.555555555555555	1.0	1.0	0.7467228003864763
459	8	1	0.016606162100370848	4.555555555555555	1.0	1.0	0.7467228003864763
460	8	5	0.3288250136852512	1.4137931034482758	0.8499039724801238	1.0	0.11891464128839327
461	9	2	0.024632882963437665	3.2857142857142856	1.0	0.32279565609625926	0.32279565609625926
462	8	2	0.04707455831158819	2.9285714285714284	0.5025922561108833	0.5025922561108833	0.5025922561108833
463	8	4	0.1992720156152802	1.7083333333333333	0.9405457749494737	0.49707060933972524	0.1992720156152802
464	8	6	0.48908338338448853	1.2058823529411764	1.0	1.0	0.20932277358021348
465	7	5	0.49707060933972524	1.2413793103448276	0.49707060933972524	0.9405457749494737	0.49707060933972524
466	6	4	0.5025922561108833	1.2916666666666667	0.04707455831158819	0.18417061132735574	0.9897789728037683
467	6	5	0.7191927394092367	1.0689655172413794	0.024632882963437665	0.32279565609625926	0.7191927394092367
468	6	6	0.9405457749494737	0.911764705882353	0.05900573409563311	0.49707060933972524	0.9405457749494737
469	5	4	0.7467228003864763	1.0833333333333335	0.016606162100370848	0.7467228003864763	0.7467228003864763
470	5	5	0.9897789728037683	0.896551724137931	0.0009639550716393262	0.5025922561108833	0.9897789728037683
471	5	8	0.8499039724801238	0.5909090909090908	0.03217678213698471	0.6938607416523797	1.0
472	4	6	1.0	0.6176470588235294	0.04707455831158819	1.0	0.9897789728037683
473	3	6	0.7130077021834365	0.4705882352941177	0.016606162100370848	1.0	1.0
474	3	7	0.5190596650403075	0.4102564102564103	0.008211804982217023	1.0	1.0
475	5	9	0.663157970903846	0.5306122448979592	0.068897368973218	0.663157970903846	0.663157970903846
476	3	5	0.950851143701972	0.5517241379310345	0.03326415342990244	1.0	0.950851143701972
477	4	4	1.0	0.8750000000000001	0.03326415342990244	0.5037922517601838	0.950851143701972
478	5	5	0.9897789728037683	0.896551724137931	0.5025922561108833	0.9897789728037683	0.19277911090592442
479	5	6	1.0	0.7647058823529412	0.32279565609625926	1.0	0.12650359396900934
480	6	7	1.0	0.7948717948717949	0.3288250136852512	0.8499039724801238	0.4400533758160907
481	8	7	0.6702186389486676	1.0512820512820513	0.33087504673991563	0.6702186389486676	0.9039627814558652
482	10	6	0.2157154038520724	1.5	0.86039441050505	0.86039441050505	1.0
483	7	8	1.0	0.8181818181818181	0.33087504673991563	0.9039627814558652	1.0
484	6	6	0.9405457749494737	0.911764705882353	0.9405457749494737	0.9405457749494737	0.9405457749494737
485	7	6	0.6938607416523797	1.0588235294117647	0.6938607416523797	0.6938607416523797	0.8499039724801238
486	8	7	0.6702186389486676	1.0512820512820513	0.33087504673991563	0.33087504673991563	0.5046687885355161
487	8	10	1.0	0.7592592592592592	0.08318239547016643	0.46919432097679303	0.7756969069845578
488	7	7	0.898065813849968	0.9230769230769231	0.20932277358021348	0.48908338338448853	0.663157970903846
489	7	7	0.898065813849968	0.9230769230769231	0.48908338338448853	0.48908338338448853	0.663157970903846
490	6	9	0.9039627814558652	0.6326530612244897	0.12879831458145477	1.0	0.5046687885355161
491	5	9	0.663157970903846	0.5306122448979592	0.20932277358021348	0.48908338338448853	1.0
492	3	7	0.5190596650403075	0.4102564102564103	0.9897789728037683	0.9897789728037683	1.0
493	6	9	0.9039627814558652	0.6326530612244897	0.33087504673991563	0.33087504673991563	0.9039627814558652
494	7	11	0.7756969069845578	0.6101694915254237	0.82631532119954	0.08318239547016643	1.0
495	7	10	0.9518063478175139	0.6666666666666666	1.0	0.04465356922531211	1.0
496	6	11	0.5635855144650967	0.5254237288135593	0.647924861223018	0.04465356922531211	0.33018944244867143
497	11	8	0.32755614130921934	1.2727272727272725	0.14108249119759567	0.32755614130921934	1.0
498	11	8	0.32755614130921934	1.2727272727272725	0.32755614130921934	0.32755614130921934	1.0
499	12	7	0.14108249119759567	1.564102564102564	0.14108249119759567	1.0	0.9948943650383456
500	9	5	0.20932277358021348	1.586206896551724	0.20932277358021348	0.20932277358021348	0.898065813849968
501	9	5	0.20932277358021348	1.586206896551724	0.48908338338448853	0.48908338338448853	1.0
502	7	4	0.32279565609625926	1.5	0.7191927394092367	1.0	1.0
503	6	8	1.0	0.7045454545454545	0.20932277358021348	0.48908338338448853	1.0
504	7	10	0.9518063478175139	0.6666666666666666	0.33018944244867143	0.1360093294354226	0.647924861223018
505	7	7	0.898065813849968	0.9230769230769231	0.20932277358021348	0.48908338338448853	0.898065813849968
506	5	3	0.5037922517601838	1.368421052631579	1.0	0.5037922517601838	1.0
507	7	3	0.18417061132735574	1.8947368421052633	0.9897789728037683	0.9897789728037683	1.0
508	5	2	0.28877586314715975	1.8571428571428574	0.6205683061422069	1.0	0.28877586314715975
509	5	1	0.12923273981185768	2.888888888888889	1.0	0.496681934775137	0.12923273981185768
510	3	2	0.8122924213705134	1.142857142857143	0.8122924213705134	0.24943284020538684	0.24943284020538684
511	2	2	1.0	0.7857142857142858	0.4708666542801552	0.4708666542801552	0.4708666542801552
512	2	2	1.0	0.7857142857142858	0.4708666542801552	0.4708666542801552	0.4708666542801552
513	1	1	1.0	0.6666666666666666	1.0	0.38741437083820773	1.0
514	1	1	1.0	0.6666666666666666	0.38741437083820773	0.38741437083820773	1.0
515	2	2	1.0	0.7857142857142858	0.4708666542801552	0.4708666542801552	1.0
516	2	3	1.0	0.5789473684210527	0.8122924213705134	0.24943284020538684	0.8122924213705134
517	2	3	1.0	0.5789473684210527	0.8122924213705134	0.24943284020538684	0.8122924213705134
518	3	5	0.950851143701972	0.5517241379310345	0.950851143701972	0.5037922517601838	0.5037922517601838
519	1	3	0.7659403024224203	0.3157894736842105	0.4708666542801552	0.4708666542801552	0.4708666542801552
520	1	2	1.0	0.4285714285714286	0.17535994693641072	0.8550169277983473	0.8550169277983473
521	0	1	1.0	0.11111111111111112	0.916532721356527	0.916532721356527	0.916532721356527
522	1	1	1.0	0.6666666666666666	1.0	0.38741437083820773	1.0
523	1	1	1.0	0.6666666666666666	1.0	0.38741437083820773	1.0
524	1	1	1.0	0.6666666666666666	1.0	0.38741437083820773	1.0
525	0	1	1.0	0.11111111111111112	0.916532721356527	0.916532721356527	0.916532721356527
526	0	0	1.0	0.25	1.0	1.0	1.0
527	0	0	1.0	0.25	1.0	1.0	1.0
528	0	0	1.0	0.25	1.0	1.0	1.0
529	0	0	1.0	0.25	1.0	1.0	1.0
530	1	1	1.0	0.6666666666666666	0.38741437083820773	0.38741437083820773	1.0
531	1	1	1.0	0.6666666666666666	1.0	0.38741437083820773	1.0
532	0	0	1.0	0.25	1.0	1.0	1.0
533	1	1	1.0	0.6666666666666666	1.0	0.38741437083820773	1.0
534	2	2	1.0	0.7857142857142858	0.4708666542801552	0.08188911203082813	0.4708666542801552
535	1	1	1.0	0.6666666666666666	0.38741437083820773	0.38741437083820773	1.0
536	3	0	0.17535994693641072	4.0	0.8550169277983473	0.8550169277983473	1.0
537	3	1	0.4708666542801552	1.777777777777778	0.4708666542801552	0.4708666542801552	1.0
538	3	1	0.4708666542801552	1.777777777777778	0.4708666542801552	0.4708666542801552	1.0
539	3	1	0.4708666542801552	1.777777777777778	0.4708666542801552	0.4708666542801552	1.0
540	3	0	0.17535994693641072	4.0	0.8550169277983473	0.8550169277983473	1.0
541	3	1	0.4708666542801552	1.777777777777778	0.4708666542801552	0.4708666542801552	1.0
542	3	1	0.4708666542801552	1.777777777777778	0.4708666542801552	0.4708666542801552	1.0
543	3	0	0.17535994693641072	4.0	1.0	0.8550169277983473	0.8550169277983473
544	2	0	0.38741437083820773	2.75	1.0	1.0	1.0
545	3	0	0.17535994693641072	4.0	0.8550169277983473	0.8550169277983473	1.0
546	1	0	0.916532721356527	1.4999999999999998	1.0	1.0	1.0
547	2	0	0.38741437083820773	2.75	0.5707706489427777	1.0	1.0
548	2	0	0.38741437083820773	2.75	0.5707706489427777	1.0	1.0
549	2	0	0.38741437083820773	2.75	0.5707706489427777	1.0	1.0
550	3	1	0.4708666542801552	1.777777777777778	0.7659403024224203	0.7659403024224203	0.4708666542801552
551	3	1	0.4708666542801552	1.777777777777778	0.7659403024224203	0.7659403024224203	0.4708666542801552
552	3	1	0.4708666542801552	1.777777777777778	0.7659403024224203	0.7659403024224203	0.4708666542801552
553	2	1	0.8550169277983473	1.2222222222222223	1.0	1.0	0.17535994693641072
554	2	1	0.8550169277983473	1.2222222222222223	1.0	1.0	0.17535994693641072
555	2	2	1.0	0.7857142857142858	0.7659403024224203	0.7659403024224203	0.4708666542801552
556	2	1	0.8550169277983473	1.2222222222222223	0.32230179661562136	1.0	0.8550169277983473
557	2	1	0.8550169277983473	1.2222222222222223	0.32230179661562136	1.0	0.8550169277983473
558	2	0	0.38741437083820773	2.75	0.5707706489427777	1.0	0.38741437083820773
559	2	0	0.38741437083820773	2.75	0.5707706489427777	1.0	0.38741437083820773
560	2	2	1.0	0.7857142857142858	0.7659403024224203	0.7659403024224203	0.4708666542801552
561	3	2	0.8122924213705134	1.142857142857143	0.4985400601168113	1.0	0.8122924213705134
562	3	2	0.8122924213705134	1.142857142857143	0.4985400601168113	1.0	0.8122924213705134
563	2	2	1.0	0.7857142857142858	0.7659403024224203	0.7659403024224203	0.4708666542801552
564	3	2	0.8122924213705134	1.142857142857143	0.4985400601168113	1.0	0.8122924213705134
565	2	2	1.0	0.7857142857142858	0.7659403024224203	0.7659403024224203	0.4708666542801552
566	2	1	0.8550169277983473	1.2222222222222223	1.0	1.0	0.17535994693641072
567	1	1	1.0	0.6666666666666666	1.0	1.0	0.38741437083820773
568	3	1	0.4708666542801552	1.777777777777778	0.7659403024224203	1.0	0.4708666542801552
569	2	2	1.0	0.7857142857142858	1.0	1.0	0.4708666542801552
570	2	2	1.0	0.7857142857142858	1.0	1.0	0.4708666542801552
571	4	1	0.24943284020538684	2.3333333333333335	0.4985400601168113	1.0	0.8122924213705134
572	3	2	0.8122924213705134	1.142857142857143	1.0	0.8122924213705134	0.24943284020538684
573	3	2	0.8122924213705134	1.142857142857143	1.0	0.8122924213705134	0.8122924213705134
574	3	2	0.8122924213705134	1.142857142857143	1.0	1.0	0.24943284020538684
575	4	1	0.24943284020538684	2.3333333333333335	0.4985400601168113	1.0	0.8122924213705134
576	2	2	1.0	0.7857142857142858	1.0	0.4708666542801552	0.4708666542801552
577	3	1	0.4708666542801552	1.777777777777778	0.7659403024224203	1.0	0.4708666542801552
578	3	1	0.4708666542801552	1.777777777777778	0.7659403024224203	0.7659403024224203	0.4708666542801552
579	2	1	0.8550169277983473	1.2222222222222223	1.0	1.0	0.17535994693641072
580	0	0	1.0	0.25	1.0	1.0	1.0
581	0	0	1.0	0.25	1.0	1.0	1.0
582	1	0	0.916532721356527	1.4999999999999998	1.0	1.0	1.0
583	3	0	0.17535994693641072	4.0	0.32230179661562136	1.0	0.8550169277983473
584	3	0	0.17535994693641072	4.0	0.32230179661562136	1.0	0.8550169277983473
585	3	0	0.17535994693641072	4.0	0.32230179661562136	1.0	0.8550169277983473
586	1	0	0.916532721356527	1.4999999999999998	1.0	1.0	1.0
587	2	0	0.38741437083820773	2.75	1.0	1.0	1.0
588	1	0	0.916532721356527	1.4999999999999998	1.0	1.0	1.0
589	1	0	0.916532721356527	1.4999999999999998	1.0	1.0	1.0
590	1	0	0.916532721356527	1.4999999999999998	1.0	1.0	1.0
591	2	0	0.38741437083820773	2.75	1.0	1.0	1.0
592	1	0	0.916532721356527	1.4999999999999998	1.0	1.0	1.0
593	1	0	0.916532721356527	1.4999999999999998	1.0	1.0	1.0
594	1	0	0.916532721356527	1.4999999999999998	1.0	1.0	1.0
595	2	0	0.38741437083820773	2.75	1.0	1.0	1.0
596	2	0	0.38741437083820773	2.75	1.0	1.0	1.0
597	2	0	0.38741437083820773	2.75	1.0	1.0	1.0
598	1	0	0.916532721356527	1.4999999999999998	0.916532721356527	0.916532721356527	0.916532721356527
599	2	3	1.0	0.5789473684210527	1.0	1.0	1.0
600	1	3	0.7659403024224203	0.3157894736842105	1.0	1.0	1.0
601	0	3	0.32230179661562136	0.052631578947368425	1.0	1.0	1.0
602	0	3	0.32230179661562136	0.052631578947368425	1.0	1.0	1.0
603	0	3	0.32230179661562136	0.052631578947368425	1.0	1.0	1.0
604	0	2	0.5707706489427777	0.07142857142857144	1.0	1.0	1.0
605	0	3	0.32230179661562136	0.052631578947368425	1.0	1.0	1.0
606	1	3	0.7659403024224203	0.3157894736842105	0.7659403024224203	1.0	0.7659403024224203
607	1	4	0.4985400601168113	0.25	1.0	0.8122924213705134	1.0
608	2	4	0.8746971567181967	0.45833333333333337	1.0	0.496681934775137	0.8746971567181967
609	3	4	1.0	0.6666666666666667	0.7772666051169739	0.28877586314715975	1.0
610	3	3	1.0	0.8421052631578948	1.0	0.496681934775137	0.8746971567181967
611	2	3	1.0	0.5789473684210527	1.0	1.0	1.0
612	2	1	0.8550169277983473	1.2222222222222223	1.0	1.0	1.0
613	2	0	0.38741437083820773	2.75	1.0	1.0	1.0
614	2	0	0.38741437083820773	2.75	1.0	1.0	1.0
615	2	0	0.38741437083820773	2.75	1.0	1.0	1.0
616	1	0	0.916532721356527	1.4999999999999998	0.916532721356527	0.916532721356527	0.916532721356527
617	1	0	0.916532721356527	1.4999999999999998	0.916532721356527	0.916532721356527	0.916532721356527
618	1	0	0.916532721356527	1.4999999999999998	0.916532721356527	0.916532721356527	0.916532721356527
619	1	0	0.916532721356527	1.4999999999999998	0.916532721356527	0.916532721356527	0.916532721356527
620	1	0	0.916532721356527	1.4999999999999998	0.916532721356527	0.916532721356527	0.916532721356527
621	3	0	0.17535994693641072	4.0	0.8550169277983473	0.17535994693641072	1.0
622	3	1	0.4708666542801552	1.777777777777778	1.0	0.4708666542801552	0.7659403024224203
623	4	3	0.7772666051169739	1.105263157894737	0.7772666051169739	0.28877586314715975	1.0
624	3	4	1.0	0.6666666666666667	0.7772666051169739	0.28877586314715975	1.0
625	3	3	1.0	0.8421052631578948	0.496681934775137	0.12923273981185768	1.0
626	2	3	1.0	0.5789473684210527	0.8122924213705134	0.24943284020538684	1.0
627	2	3	1.0	0.5789473684210527	0.8122924213705134	0.24943284020538684	1.0
628	2	4	0.8746971567181967	0.45833333333333337	0.496681934775137	0.496681934775137	1.0
629	3	6	0.7130077021834365	0.4705882352941177	1.0	0.7467228003864763	0.7467228003864763
630	2	5	0.6205683061422069	0.37931034482758624	0.7772666051169739	0.7772666051169739	1.0
631	2	7	0.2897806434946989	0.2820512820512821	1.0	0.7467228003864763	1.0
632	3	8	0.368735376145937	0.36363636363636365	0.7874269018877686	0.7191927394092367	0.7191927394092367
633	3	7	0.5190596650403075	0.4102564102564103	1.0	0.9897789728037683	0.9897789728037683
634	3	8	0.368735376145937	0.36363636363636365	0.7874269018877686	0.7191927394092367	0.7191927394092367
635	4	8	0.5961546956936445	0.47727272727272724	1.0	0.49707060933972524	0.49707060933972524
636	3	6	0.7130077021834365	0.4705882352941177	0.7130077021834365	0.7467228003864763	0.7467228003864763
637	3	5	0.950851143701972	0.5517241379310345	0.950851143701972	0.5037922517601838	0.5037922517601838
638	3	5	0.950851143701972	0.5517241379310345	0.950851143701972	0.5037922517601838	0.5037922517601838
639	2	5	0.6205683061422069	0.37931034482758624	1.0	0.28877586314715975	0.7772666051169739
640	2	5	0.6205683061422069	0.37931034482758624	1.0	0.28877586314715975	0.7772666051169739
641	1	2	1.0	0.4285714285714286	0.8550169277983473	0.17535994693641072	0.8550169277983473
642	1	1	1.0	0.6666666666666666	1.0	0.38741437083820773	1.0
643	1	2	1.0	0.4285714285714286	0.8550169277983473	0.17535994693641072	0.8550169277983473
644	2	1	0.8550169277983473	1.2222222222222223	1.0	0.17535994693641072	1.0
645	2	4	0.8746971567181967	0.45833333333333337	0.8746971567181967	0.496681934775137	1.0
646	3	4	1.0	0.6666666666666667	0.6205683061422069	0.7772666051169739	0.7772666051169739
647	3	4	1.0	0.6666666666666667	0.6205683061422069	0.7772666051169739	0.7772666051169739
648	3	5	0.950851143701972	0.5517241379310345	0.950851143701972	0.5037922517601838	0.5037922517601838
649	3	4	1.0	0.6666666666666667	0.6205683061422069	0.7772666051169739	0.7772666051169739
650	3	4	1.0	0.6666666666666667	0.6205683061422069	0.7772666051169739	0.7772666051169739
651	2	4	0.8746971567181967	0.45833333333333337	0.31968291409810823	1.0	0.496681934775137
652	3	5	0.950851143701972	0.5517241379310345	0.950851143701972	0.5037922517601838	0.5037922517601838
653	3	5	0.950851143701972	0.5517241379310345	0.950851143701972	0.5037922517601838	0.5037922517601838
654	3	4	1.0	0.6666666666666667	1.0	0.7772666051169739	0.7772666051169739
655	3	4	1.0	0.6666666666666667	1.0	0.7772666051169739	0.7772666051169739
656	3	5	0.950851143701972	0.5517241379310345	0.950851143701972	0.5037922517601838	0.5037922517601838
657	3	4	1.0	0.6666666666666667	1.0	0.7772666051169739	0.7772666051169739
658	1	4	0.4985400601168113	0.25	1.0	1.0	0.24943284020538684
659	1	2	1.0	0.4285714285714286	0.8550169277983473	1.0	0.17535994693641072
660	2	2	1.0	0.7857142857142858	0.4708666542801552	1.0	0.4708666542801552
661	3	2	0.8122924213705134	1.142857142857143	0.24943284020538684	0.8122924213705134	0.24943284020538684
662	1	2	1.0	0.4285714285714286	0.17535994693641072	0.8550169277983473	0.17535994693641072
663	1	1	1.0	0.6666666666666666	0.38741437083820773	0.38741437083820773	0.38741437083820773
664	3	1	0.4708666542801552	1.777777777777778	0.4708666542801552	0.08188911203082813	0.4708666542801552
665	4	1	0.24943284020538684	2.3333333333333335	0.8122924213705134	0.24943284020538684	0.24943284020538684
666	3	0	0.17535994693641072	4.0	0.8550169277983473	0.8550169277983473	0.17535994693641072
667	4	2	0.496681934775137	1.5000000000000002	0.496681934775137	0.12923273981185768	0.12923273981185768
668	6	3	0.3107035427655028	1.6315789473684212	0.3107035427655028	0.3107035427655028	0.08828208431457835
669	4	2	0.496681934775137	1.5000000000000002	0.496681934775137	0.496681934775137	0.12923273981185768
670	4	2	0.496681934775137	1.5000000000000002	0.496681934775137	0.496681934775137	0.12923273981185768
671	4	1	0.24943284020538684	2.3333333333333335	0.8122924213705134	0.24943284020538684	0.8122924213705134
672	2	3	1.0	0.5789473684210527	0.8122924213705134	0.24943284020538684	1.0
673	2	3	1.0	0.5789473684210527	0.8122924213705134	0.24943284020538684	1.0
674	3	3	1.0	0.8421052631578948	0.496681934775137	0.12923273981185768	1.0
675	3	4	1.0	0.6666666666666667	0.7772666051169739	0.06595360860038497	0.7772666051169739
676	3	2	0.8122924213705134	1.142857142857143	0.8122924213705134	0.03882976310756443	0.8122924213705134
677	3	2	0.8122924213705134	1.142857142857143	1.0	0.24943284020538684	1.0
678	3	1	0.4708666542801552	1.777777777777778	1.0	0.08188911203082813	1.0
679	2	1	0.8550169277983473	1.2222222222222223	1.0	0.8550169277983473	1.0
680	1	0	0.916532721356527	1.4999999999999998	0.916532721356527	0.916532721356527	0.916532721356527
681	1	0	0.916532721356527	1.4999999999999998	0.916532721356527	0.916532721356527	0.916532721356527
682	1	0	0.916532721356527	1.4999999999999998	0.916532721356527	0.916532721356527	0.916532721356527
683	1	0	0.916532721356527	1.4999999999999998	0.916532721356527	0.916532721356527	0.916532721356527
684	1	0	0.916532721356527	1.4999999999999998	0.916532721356527	0.916532721356527	0.916532721356527
685	1	1	1.0	0.6666666666666666	1.0	1.0	1.0
686	1	1	1.0	0.6666666666666666	1.0	1.0	1.0
687	1	1	1.0	0.6666666666666666	1.0	1.0	1.0
688	0	1	1.0	0.11111111111111112	1.0	1.0	1.0
689	0	3	0.32230179661562136	0.052631578947368425	1.0	1.0	1.0
690	2	3	1.0	0.5789473684210527	1.0	0.8122924213705134	1.0
691	1	3	0.7659403024224203	0.3157894736842105	0.7659403024224203	1.0	0.7659403024224203
692	2	3	1.0	0.5789473684210527	1.0	0.8122924213705134	1.0
693	3	3	1.0	0.8421052631578948	1.0	0.496681934775137	0.8746971567181967
694	3	3	1.0	0.8421052631578948	1.0	0.496681934775137	0.8746971567181967
695	3	5	0.950851143701972	0.5517241379310345	0.950851143701972	0.5037922517601838	0.950851143701972
696	3	4	1.0	0.6666666666666667	0.6205683061422069	0.28877586314715975	1.0
697	3	8	0.368735376145937	0.36363636363636365	1.0	0.32279565609625926	0.7191927394092367
698	3	5	0.950851143701972	0.5517241379310345	1.0	0.1619006725408006	0.5037922517601838
699	3	5	0.950851143701972	0.5517241379310345	1.0	0.1619006725408006	0.5037922517601838
700	3	3	1.0	0.8421052631578948	0.496681934775137	0.12923273981185768	0.496681934775137
701	2	3	1.0	0.5789473684210527	0.8122924213705134	0.24943284020538684	0.8122924213705134
702	2	2	1.0	0.7857142857142858	0.4708666542801552	0.4708666542801552	1.0
703	2	1	0.8550169277983473	1.2222222222222223	0.8550169277983473	0.17535994693641072	1.0
704	3	2	0.8122924213705134	1.142857142857143	0.24943284020538684	0.24943284020538684	0.8122924213705134
705	4	2	0.496681934775137	1.5000000000000002	0.496681934775137	0.496681934775137	0.12923273981185768
706	4	2	0.496681934775137	1.5000000000000002	0.496681934775137	0.496681934775137	0.12923273981185768
707	4	1	0.24943284020538684	2.3333333333333335	0.8122924213705134	0.8122924213705134	0.24943284020538684
708	4	2	0.496681934775137	1.5000000000000002	0.496681934775137	0.496681934775137	0.12923273981185768
709	4	4	1.0	0.8750000000000001	1.0	0.1619006725408006	0.03326415342990244
710	3	6	0.7130077021834365	0.4705882352941177	0.7467228003864763	0.08828208431457835	0.3107035427655028
711	1	6	0.20302760916839405	0.17647058823529413	0.7772666051169739	0.28877586314715975	0.28877586314715975
712	1	5	0.31968291409810823	0.20689655172413793	1.0	0.12923273981185768	0.496681934775137
713	4	7	0.7874269018877686	0.5384615384615385	0.7191927394092367	0.004023631342706189	0.32279565609625926
714	3	7	0.5190596650403075	0.4102564102564103	0.5025922561108833	0.008211804982217023	0.18417061132735574
715	1	7	0.12801319840935863	0.15384615384615385	1.0	0.1619006725408006	0.03326415342990244
716	2	9	0.12650359396900934	0.22448979591836735	0.7191927394092367	0.024632882963437665	0.10567973252449872
717	2	9	0.12650359396900934	0.22448979591836735	0.7191927394092367	0.024632882963437665	0.10567973252449872
718	1	9	0.0499948828370631	0.12244897959183672	0.5025922561108833	0.04707455831158819	0.04707455831158819
719	1	10	0.030987956126197067	0.1111111111111111	0.32279565609625926	0.10567973252449872	0.10567973252449872
720	2	9	0.12650359396900934	0.22448979591836735	0.7191927394092367	0.024632882963437665	0.10567973252449872
721	2	8	0.19277911090592442	0.25	0.9897789728037683	0.008211804982217023	0.04707455831158819
722	1	8	0.08022427971951071	0.13636363636363635	0.7467228003864763	0.016606162100370848	0.08828208431457835
723	1	10	0.030987956126197067	0.1111111111111111	0.32279565609625926	0.10567973252449872	0.10567973252449872
724	3	11	0.11808035033137997	0.2711864406779661	0.898065813849968	0.068897368973218	0.48908338338448853
725	6	12	0.42994137503406593	0.484375	0.82631532119954	0.08318239547016643	0.46919432097679303
726	5	9	0.663157970903846	0.5306122448979592	0.898065813849968	0.017183647936038472	0.20932277358021348
727	6	9	0.9039627814558652	0.6326530612244897	0.6702186389486676	0.009004915400964547	0.038888705097187524
728	10	8	0.46919432097679303	1.159090909090909	0.46919432097679303	0.025294634371381717	0.08318239547016643
729	9	5	0.20932277358021348	1.586206896551724	0.48908338338448853	0.068897368973218	0.20932277358021348
730	12	5	0.04465356922531211	2.103448275862069	0.33018944244867143	1.0	1.0
731	12	3	0.009004915400964547	3.2105263157894735	0.6702186389486676	1.0	0.9039627814558652
732	9	3	0.05900573409563311	2.4210526315789473	0.49707060933972524	0.9405457749494737	0.9405457749494737
733	9	4	0.11891464128839327	1.9166666666666665	0.3288250136852512	1.0	0.6938607416523797
734	7	1	0.03326415342990244	4.0	1.0	0.950851143701972	0.5037922517601838
735	7	3	0.18417061132735574	1.8947368421052633	0.5025922561108833	0.9897789728037683	0.5025922561108833
736	7	0	0.008879296911563125	9.0	1.0	0.7772666051169739	0.7772666051169739
737	6	4	0.5025922561108833	1.2916666666666667	0.18417061132735574	0.18417061132735574	0.18417061132735574
738	6	3	0.3107035427655028	1.6315789473684212	0.3107035427655028	0.08828208431457835	0.3107035427655028
739	7	3	0.18417061132735574	1.8947368421052633	0.5025922561108833	0.04707455831158819	0.18417061132735574
740	6	3	0.3107035427655028	1.6315789473684212	0.3107035427655028	0.08828208431457835	0.3107035427655028
741	6	6	0.9405457749494737	0.911764705882353	0.49707060933972524	0.05900573409563311	0.05900573409563311
742	7	5	0.49707060933972524	1.2413793103448276	0.9405457749494737	0.012678560570783294	0.05900573409563311
743	4	5	1.0	0.7241379310344828	0.7467228003864763	0.016606162100370848	0.08828208431457835
744	3	5	0.950851143701972	0.5517241379310345	0.5037922517601838	0.004249074626144089	0.1619006725408006
745	4	6	1.0	0.6176470588235294	0.5025922561108833	0.0009639550716393262	0.18417061132735574
746	4	7	0.7874269018877686	0.5384615384615385	0.7191927394092367	0.004023631342706189	0.024632882963437665
747	4	8	0.5961546956936445	0.47727272727272724	0.49707060933972524	0.001953612666093476	0.012678560570783294
748	4	7	0.7874269018877686	0.5384615384615385	0.7191927394092367	0.004023631342706189	0.004023631342706189
749	3	5	0.950851143701972	0.5517241379310345	1.0	0.004249074626144089	0.03326415342990244
750	2	1	0.8550169277983473	1.2222222222222223	0.8550169277983473	0.17535994693641072	0.17535994693641072
751	1	1	1.0	0.6666666666666666	1.0	0.38741437083820773	0.38741437083820773
752	1	3	0.7659403024224203	0.3157894736842105	0.4708666542801552	0.08188911203082813	0.4708666542801552
753	1	3	0.7659403024224203	0.3157894736842105	0.4708666542801552	0.08188911203082813	0.4708666542801552
754	3	3	1.0	0.8421052631578948	0.496681934775137	0.12923273981185768	0.496681934775137
755	6	6	0.9405457749494737	0.911764705882353	0.9405457749494737	0.49707060933972524	0.49707060933972524
756	8	4	0.1992720156152802	1.7083333333333333	0.49707060933972524	0.49707060933972524	0.1992720156152802
757	8	7	0.6702186389486676	1.0512820512820513	1.0	1.0	0.6702186389486676
758	8	5	0.3288250136852512	1.4137931034482758	0.6938607416523797	0.6938607416523797	0.3288250136852512
759	8	8	0.86039441050505	0.9318181818181817	0.86039441050505	1.0	1.0
760	5	6	1.0	0.7647058823529412	0.368735376145937	0.368735376145937	0.7874269018877686
761	6	7	1.0	0.7948717948717949	0.4400533758160907	0.4400533758160907	0.8499039724801238
762	7	9	1.0	0.7346938775510203	1.0	0.7224452265347068	0.7224452265347068
763	5	7	1.0	0.6666666666666667	1.0	0.25660141106633566	0.25660141106633566
764	4	7	0.7874269018877686	0.5384615384615385	0.7874269018877686	0.368735376145937	0.368735376145937
765	3	7	0.5190596650403075	0.4102564102564103	0.5190596650403075	0.5190596650403075	0.5190596650403075
766	5	8	0.8499039724801238	0.5909090909090908	1.0	0.4400533758160907	0.17542863964322813
767	2	8	0.19277911090592442	0.25	1.0	0.19277911090592442	0.19277911090592442
768	1	8	0.08022427971951071	0.13636363636363635	0.7130077021834365	0.2897806434946989	0.2897806434946989
769	1	6	0.20302760916839405	0.17647058823529413	0.6205683061422069	0.6205683061422069	0.20302760916839405
770	0	7	0.040276588044063866	0.025641025641025644	1.0	0.6205683061422069	0.20302760916839405
771	2	8	0.19277911090592442	0.25	1.0	0.19277911090592442	0.19277911090592442
772	2	8	0.19277911090592442	0.25	1.0	0.19277911090592442	0.19277911090592442
773	4	8	0.5961546956936445	0.47727272727272724	0.9405457749494737	0.25660141106633566	0.08203779072656003
774	4	7	0.7874269018877686	0.5384615384615385	0.7191927394092367	0.368735376145937	0.030987956126197067
775	3	8	0.368735376145937	0.36363636363636365	0.32279565609625926	0.368735376145937	0.030987956126197067
776	3	8	0.368735376145937	0.36363636363636365	0.7191927394092367	0.7874269018877686	0.12650359396900934
777	5	8	0.8499039724801238	0.5909090909090908	1.0	0.4400533758160907	0.17542863964322813
778	5	11	0.3754787658848021	0.4406779661016949	0.4796056636186484	0.7224452265347068	0.1563886998750452
779	4	8	0.5961546956936445	0.47727272727272724	0.49707060933972524	0.5961546956936445	0.08203779072656003
780	4	5	1.0	0.7241379310344828	0.7130077021834365	1.0	0.2897806434946989
781	5	8	0.8499039724801238	0.5909090909090908	1.0	1.0	0.4400533758160907
782	5	8	0.8499039724801238	0.5909090909090908	0.6938607416523797	1.0	0.17542863964322813
783	3	8	0.368735376145937	0.36363636363636365	0.32279565609625926	1.0	0.7874269018877686
784	4	6	1.0	0.6176470588235294	0.9897789728037683	0.9897789728037683	1.0
785	8	6	0.48908338338448853	1.2058823529411764	0.48908338338448853	0.898065813849968	1.0
786	10	7	0.33018944244867143	1.3076923076923077	0.647924861223018	0.1360093294354226	0.1360093294354226
787	10	4	0.068897368973218	2.125	0.48908338338448853	0.48908338338448853	0.48908338338448853
788	10	3	0.03217678213698471	2.6842105263157894	0.6938607416523797	0.6938607416523797	0.6938607416523797
789	9	3	0.05900573409563311	2.4210526315789473	0.49707060933972524	0.9405457749494737	0.49707060933972524
790	7	3	0.18417061132735574	1.8947368421052633	0.5025922561108833	0.9897789728037683	0.5025922561108833
791	11	3	0.017183647936038472	2.9473684210526314	0.48908338338448853	1.0	1.0
792	10	1	0.004023631342706189	5.666666666666666	1.0	0.368735376145937	0.7874269018877686
793	10	3	0.03217678213698471	2.6842105263157894	1.0	0.17542863964322813	0.8499039724801238
794	8	4	0.1992720156152802	1.7083333333333333	1.0	0.5961546956936445	0.25660141106633566
795	9	8	0.647924861223018	1.0454545454545452	0.9518063478175139	0.5635855144650967	0.2736877573847063
796	11	5	0.07688276115226322	1.9310344827586206	0.86039441050505	1.0	0.7224452265347068
797	9	6	0.33087504673991563	1.352941176470588	0.6702186389486676	0.6702186389486676	0.5046687885355161
798	9	8	0.647924861223018	1.0454545454545452	0.9518063478175139	1.0	0.2736877573847063
799	10	9	0.6267370266867112	1.040816326530612	0.9948943650383456	1.0	0.32127252609315976
800	7	6	0.6938607416523797	1.0588235294117647	1.0	0.6938607416523797	0.17542863964322813
801	6	8	1.0	0.7045454545454545	0.898065813849968	0.898065813849968	0.11808035033137997
802	5	9	0.663157970903846	0.5306122448979592	0.48908338338448853	0.898065813849968	0.3176883016457046
803	6	9	0.9039627814558652	0.6326530612244897	0.6702186389486676	1.0	0.07837872288920252
804	5	9	0.663157970903846	0.5306122448979592	0.48908338338448853	1.0	0.03345795878231834
805	4	8	0.5961546956936445	0.47727272727272724	0.9405457749494737	0.5961546956936445	0.019103505177430688
806	5	8	0.8499039724801238	0.5909090909090908	1.0	0.8499039724801238	0.052644290050041564
807	3	7	0.5190596650403075	0.4102564102564103	0.5025922561108833	0.19277911090592442	0.00885469432907444
808	3	5	0.950851143701972	0.5517241379310345	0.5037922517601838	0.42847102439120577	0.12801319840935863
809	3	8	0.368735376145937	0.36363636363636365	1.0	0.7874269018877686	0.368735376145937
810	2	4	0.8746971567181967	0.45833333333333337	0.496681934775137	0.8746971567181967	0.06687332726305449
811	3	6	0.7130077021834365	0.4705882352941177	0.7467228003864763	1.0	0.7130077021834365
812	4	6	1.0	0.6176470588235294	0.5025922561108833	1.0	0.5190596650403075
813	5	8	0.8499039724801238	0.5909090909090908	0.3288250136852512	0.6938607416523797	0.8499039724801238
814	5	9	0.663157970903846	0.5306122448979592	0.20932277358021348	0.48908338338448853	0.3176883016457046
815	6	9	0.9039627814558652	0.6326530612244897	0.33087504673991563	0.6702186389486676	0.22487503341451623
816	9	10	1.0	0.8518518518518517	0.14108249119759567	0.6267370266867112	0.32127252609315976
817	11	6	0.1360093294354226	1.6470588235294117	0.1360093294354226	1.0	0.5635855144650967
818	11	7	0.2193901329536497	1.435897435897436	0.2193901329536497	1.0	0.42994137503406593
819	10	6	0.2157154038520724	1.5	0.86039441050505	0.7224452265347068	0.7224452265347068
820	7	4	0.32279565609625926	1.5	0.7874269018877686	0.368735376145937	0.7874269018877686
821	8	3	0.10567973252449872	2.1578947368421053	0.7874269018877686	0.368735376145937	0.368735376145937
822	8	3	0.10567973252449872	2.1578947368421053	0.7874269018877686	0.368735376145937	0.12650359396900934
823	12	2	0.003214787867768914	4.357142857142857	1.0	0.3176883016457046	0.3176883016457046
824	12	4	0.02144077537114103	2.5416666666666665	0.86039441050505	1.0	0.7224452265347068
825	9	2	0.024632882963437665	3.2857142857142856	1.0	0.7874269018877686	0.368735376145937
826	8	2	0.04707455831158819	2.9285714285714284	0.9897789728037683	0.5190596650403075	0.5190596650403075
827	9	4	0.11891464128839327	1.9166666666666665	0.6938607416523797	1.0	0.4400533758160907
828	11	4	0.038888705097187524	2.3333333333333335	0.33087504673991563	1.0	0.5046687885355161
829	11	2	0.00642879124295593	4.0	0.6938607416523797	0.8499039724801238	0.4400533758160907
830	8	3	0.10567973252449872	2.1578947368421053	0.7191927394092367	0.7874269018877686	0.368735376145937
831	8	4	0.1992720156152802	1.7083333333333333	0.05900573409563311	0.9405457749494737	0.25660141106633566
832	8	5	0.3288250136852512	1.4137931034482758	0.6938607416523797	0.8499039724801238	0.17542863964322813
833	8	9	1.0	0.8367346938775508	0.33018944244867143	1.0	0.2736877573847063
834	10	6	0.2157154038520724	1.5	0.2157154038520724	0.86039441050505	0.7224452265347068
835	10	7	0.33018944244867143	1.3076923076923077	0.33018944244867143	1.0	0.5635855144650967
836	9	5	0.20932277358021348	1.586206896551724	0.898065813849968	1.0	0.663157970903846
837	8	5	0.3288250136852512	1.4137931034482758	0.6938607416523797	0.8499039724801238	0.4400533758160907
838	9	6	0.33087504673991563	1.352941176470588	0.6702186389486676	0.22487503341451623	0.5046687885355161
839	5	5	0.9897789728037683	0.896551724137931	0.9897789728037683	0.5190596650403075	1.0
840	6	4	0.5025922561108833	1.2916666666666667	1.0	0.5190596650403075	0.5190596650403075
841	8	4	0.1992720156152802	1.7083333333333333	0.9405457749494737	0.5961546956936445	0.5961546956936445
842	6	3	0.3107035427655028	1.6315789473684212	0.7130077021834365	0.7130077021834365	0.2897806434946989
843	10	4	0.068897368973218	2.125	0.898065813849968	0.3176883016457046	0.3176883016457046
844	9	3	0.05900573409563311	2.4210526315789473	1.0	0.5961546956936445	0.25660141106633566
845	9	3	0.05900573409563311	2.4210526315789473	1.0	1.0	0.5961546956936445
846	9	4	0.11891464128839327	1.9166666666666665	0.6938607416523797	0.4400533758160907	0.4400533758160907
847	10	4	0.068897368973218	2.125	0.898065813849968	0.663157970903846	0.663157970903846
848	10	2	0.012678560570783294	3.642857142857143	0.9405457749494737	1.0	0.5961546956936445
849	10	4	0.068897368973218	2.125	0.898065813849968	0.663157970903846	0.663157970903846
850	12	5	0.04465356922531211	2.103448275862069	0.33018944244867143	1.0	0.9518063478175139
851	11	7	0.2193901329536497	1.435897435897436	0.46919432097679303	0.7756969069845578	0.42994137503406593
852	10	7	0.33018944244867143	1.3076923076923077	0.647924861223018	0.5635855144650967	0.5635855144650967
853	7	6	0.6938607416523797	1.0588235294117647	0.6938607416523797	0.8499039724801238	0.4400533758160907
854	5	6	1.0	0.7647058823529412	0.32279565609625926	0.7874269018877686	0.368735376145937
855	2	5	0.6205683061422069	0.37931034482758624	0.7772666051169739	1.0	0.6205683061422069
856	4	5	1.0	0.7241379310344828	0.7467228003864763	1.0	0.2897806434946989
857	3	7	0.5190596650403075	0.4102564102564103	1.0	0.5025922561108833	1.0
858	3	9	0.25660141106633566	0.32653061224489793	0.9405457749494737	0.05900573409563311	1.0
859	3	6	0.7130077021834365	0.4705882352941177	1.0	0.08828208431457835	0.7467228003864763
860	3	7	0.5190596650403075	0.4102564102564103	0.9897789728037683	0.5025922561108833	0.5190596650403075
861	7	10	0.9518063478175139	0.6666666666666666	0.33018944244867143	0.04465356922531211	0.647924861223018
862	4	11	0.22487503341451623	0.3559322033898305	0.33087504673991563	0.038888705097187524	0.6702186389486676
863	3	8	0.368735376145937	0.36363636363636365	0.7191927394092367	0.10567973252449872	0.32279565609625926
864	6	7	1.0	0.7948717948717949	0.11891464128839327	0.3288250136852512	1.0
865	4	8	0.5961546956936445	0.47727272727272724	0.9405457749494737	0.05900573409563311	0.1992720156152802
866	2	9	0.12650359396900934	0.22448979591836735	0.32279565609625926	0.32279565609625926	0.10567973252449872
867	4	5	1.0	0.7241379310344828	0.002028028343274084	0.7467228003864763	1.0
868	6	9	0.9039627814558652	0.6326530612244897	0.038888705097187524	0.6702186389486676	1.0
869	5	10	0.5046687885355161	0.48148148148148145	0.12879831458145477	0.6702186389486676	1.0
870	4	5	1.0	0.7241379310344828	0.016606162100370848	0.3107035427655028	1.0
871	5	6	1.0	0.7647058823529412	0.024632882963437665	0.32279565609625926	0.368735376145937
872	5	6	1.0	0.7647058823529412	0.10567973252449872	0.7191927394092367	0.7874269018877686
873	5	7	1.0	0.6666666666666667	0.1992720156152802	0.9405457749494737	0.5961546956936445
874	6	6	0.9405457749494737	0.911764705882353	0.1992720156152802	0.9405457749494737	0.9405457749494737
875	8	4	0.1992720156152802	1.7083333333333333	0.49707060933972524	0.9405457749494737	0.49707060933972524
876	7	7	0.898065813849968	0.9230769230769231	0.48908338338448853	0.898065813849968	0.663157970903846
877	6	8	1.0	0.7045454545454545	0.898065813849968	1.0	0.898065813849968
878	10	3	0.03217678213698471	2.6842105263157894	1.0	1.0	0.3288250136852512
879	8	3	0.10567973252449872	2.1578947368421053	1.0	0.7874269018877686	0.32279565609625926
880	8	3	0.10567973252449872	2.1578947368421053	0.7874269018877686	0.7874269018877686	0.7191927394092367
881	10	4	0.068897368973218	2.125	1.0	0.663157970903846	0.48908338338448853
882	10	1	0.004023631342706189	5.666666666666666	1.0	1.0	0.7191927394092367
883	9	2	0.024632882963437665	3.2857142857142856	0.7874269018877686	0.7191927394092367	0.32279565609625926
884	9	2	0.024632882963437665	3.2857142857142856	0.7874269018877686	0.7191927394092367	0.32279565609625926
885	8	2	0.04707455831158819	2.9285714285714284	1.0	0.9897789728037683	0.5025922561108833
886	8	2	0.04707455831158819	2.9285714285714284	0.5190596650403075	0.9897789728037683	0.18417061132735574
887	6	2	0.1619006725408006	2.2142857142857144	0.42847102439120577	1.0	0.5037922517601838
888	5	2	0.28877586314715975	1.8571428571428574	1.0	0.28877586314715975	0.7772666051169739
889	7	3	0.18417061132735574	1.8947368421052633	1.0	0.5025922561108833	0.5025922561108833
890	8	3	0.10567973252449872	2.1578947368421053	0.7874269018877686	0.32279565609625926	0.7191927394092367
891	5	4	0.7467228003864763	1.0833333333333335	0.7467228003864763	0.3107035427655028	0.3107035427655028
892	4	3	0.7772666051169739	1.105263157894737	0.7772666051169739	0.28877586314715975	0.7772666051169739
893	6	3	0.3107035427655028	1.6315789473684212	1.0	0.08828208431457835	1.0
894	4	4	1.0	0.8750000000000001	1.0	0.5037922517601838	0.5037922517601838
895	2	4	0.8746971567181967	0.45833333333333337	0.496681934775137	0.496681934775137	0.496681934775137
896	3	6	0.7130077021834365	0.4705882352941177	0.7467228003864763	0.08828208431457835	0.7467228003864763
897	3	6	0.7130077021834365	0.4705882352941177	0.7467228003864763	0.08828208431457835	0.3107035427655028
898	2	5	0.6205683061422069	0.37931034482758624	0.7772666051169739	0.28877586314715975	0.28877586314715975
899	3	7	0.5190596650403075	0.4102564102564103	0.5025922561108833	0.04707455831158819	0.5025922561108833
900	4	9	0.4400533758160907	0.42857142857142855	0.3288250136852512	0.11891464128839327	0.6938607416523797
901	3	7	0.5190596650403075	0.4102564102564103	0.5025922561108833	0.04707455831158819	0.5025922561108833
902	3	7	0.5190596650403075	0.4102564102564103	0.5025922561108833	0.04707455831158819	0.5025922561108833
903	5	8	0.8499039724801238	0.5909090909090908	0.6938607416523797	0.03217678213698471	0.6938607416523797
904	6	9	0.9039627814558652	0.6326530612244897	0.6702186389486676	0.12879831458145477	1.0
905	7	8	1.0	0.8181818181818181	0.9039627814558652	0.33087504673991563	0.5046687885355161
906	6	8	1.0	0.7045454545454545	0.663157970903846	0.068897368973218	1.0
907	5	5	0.9897789728037683	0.896551724137931	0.5190596650403075	0.5025922561108833	0.5190596650403075
908	4	4	1.0	0.8750000000000001	0.42847102439120577	1.0	0.42847102439120577
909	6	5	0.7191927394092367	1.0689655172413794	0.12650359396900934	0.7874269018877686	0.7874269018877686
910	9	5	0.20932277358021348	1.586206896551724	0.11808035033137997	1.0	1.0
911	7	5	0.49707060933972524	1.2413793103448276	0.08203779072656003	0.5961546956936445	1.0
912	10	4	0.068897368973218	2.125	0.11808035033137997	0.3176883016457046	1.0
913	11	2	0.00642879124295593	4.0	0.17542863964322813	0.8499039724801238	0.6938607416523797
914	9	1	0.008211804982217023	5.111111111111111	0.5190596650403075	0.9897789728037683	0.9897789728037683
915	9	1	0.008211804982217023	5.111111111111111	0.5190596650403075	0.9897789728037683	0.9897789728037683
916	10	1	0.004023631342706189	5.666666666666666	0.368735376145937	0.7874269018877686	1.0
917	10	1	0.004023631342706189	5.666666666666666	0.368735376145937	0.7874269018877686	1.0
918	11	1	0.001953612666093476	6.222222222222221	1.0	1.0	0.9405457749494737
919	11	2	0.00642879124295593	4.0	0.8499039724801238	0.8499039724801238	1.0
920	10	2	0.012678560570783294	3.642857142857143	1.0	1.0	1.0
921	11	3	0.017183647936038472	2.9473684210526314	1.0	1.0	1.0
922	11	3	0.017183647936038472	2.9473684210526314	0.898065813849968	0.48908338338448853	0.898065813849968
923	9	4	0.11891464128839327	1.9166666666666665	0.3288250136852512	0.6938607416523797	1.0
924	8	5	0.3288250136852512	1.4137931034482758	0.11891464128839327	0.6938607416523797	0.8499039724801238
925	8	6	0.48908338338448853	1.2058823529411764	0.48908338338448853	0.898065813849968	0.898065813849968
926	8	5	0.3288250136852512	1.4137931034482758	0.3288250136852512	1.0	1.0
927	6	5	0.7191927394092367	1.0689655172413794	0.10567973252449872	0.7191927394092367	1.0
928	5	5	0.9897789728037683	0.896551724137931	0.04707455831158819	0.5025922561108833	1.0
929	4	6	1.0	0.6176470588235294	0.008211804982217023	0.18417061132735574	0.5190596650403075
930	2	7	0.2897806434946989	0.2820512820512821	0.016606162100370848	1.0	1.0
931	3	7	0.5190596650403075	0.4102564102564103	0.04707455831158819	0.9897789728037683	0.9897789728037683
932	1	9	0.0499948828370631	0.12244897959183672	0.9897789728037683	0.5025922561108833	0.04707455831158819
933	2	11	0.052644290050041564	0.1864406779661017	0.8499039724801238	0.3288250136852512	0.3288250136852512
934	3	9	0.25660141106633566	0.32653061224489793	0.9405457749494737	0.1992720156152802	0.49707060933972524
935	1	9	0.0499948828370631	0.12244897959183672	0.9897789728037683	0.5025922561108833	0.04707455831158819
936	1	8	0.08022427971951071	0.13636363636363635	0.7130077021834365	0.7467228003864763	0.3107035427655028
937	1	8	0.08022427971951071	0.13636363636363635	0.7130077021834365	0.7467228003864763	0.3107035427655028
938	2	10	0.08203779072656003	0.20370370370370372	1.0	0.9405457749494737	0.9405457749494737
939	3	8	0.368735376145937	0.36363636363636365	1.0	1.0	1.0
940	3	7	0.5190596650403075	0.4102564102564103	1.0	1.0	0.9897789728037683
941	3	6	0.7130077021834365	0.4705882352941177	0.7467228003864763	1.0	0.7130077021834365
942	3	7	0.5190596650403075	0.4102564102564103	0.9897789728037683	1.0	1.0
943	1	6	0.20302760916839405	0.17647058823529413	0.7772666051169739	0.20302760916839405	0.20302760916839405
944	1	5	0.31968291409810823	0.20689655172413793	1.0	0.31968291409810823	0.31968291409810823
945	2	4	0.8746971567181967	0.45833333333333337	0.8746971567181967	0.8746971567181967	0.8746971567181967
946	3	3	1.0	0.8421052631578948	0.8746971567181967	1.0	0.8746971567181967
947	3	5	0.950851143701972	0.5517241379310345	0.950851143701972	0.950851143701972	0.950851143701972
948	3	6	0.7130077021834365	0.4705882352941177	0.7130077021834365	1.0	0.7130077021834365
949	1	4	0.4985400601168113	0.25	0.4985400601168113	1.0	0.8122924213705134
950	2	6	0.42847102439120577	0.3235294117647059	0.42847102439120577	1.0	1.0
951	3	6	0.7130077021834365	0.4705882352941177	0.2897806434946989	1.0	1.0
952	3	4	1.0	0.6666666666666667	0.6205683061422069	1.0	1.0
953	3	6	0.7130077021834365	0.4705882352941177	0.2897806434946989	1.0	1.0
954	3	6	0.7130077021834365	0.4705882352941177	0.2897806434946989	1.0	1.0
955	3	4	1.0	0.6666666666666667	0.6205683061422069	1.0	1.0
956	2	4	0.8746971567181967	0.45833333333333337	0.31968291409810823	1.0	1.0
957	2	4	0.8746971567181967	0.45833333333333337	0.31968291409810823	0.8746971567181967	1.0
958	4	5	1.0	0.7241379310344828	0.2897806434946989	1.0	1.0
959	3	2	0.8122924213705134	1.142857142857143	0.4985400601168113	1.0	0.8122924213705134
960	3	2	0.8122924213705134	1.142857142857143	0.4985400601168113	1.0	0.8122924213705134
961	3	2	0.8122924213705134	1.142857142857143	0.4985400601168113	1.0	0.8122924213705134
962	4	2	0.496681934775137	1.5000000000000002	0.8746971567181967	1.0	1.0
963	4	3	0.7772666051169739	1.105263157894737	1.0	1.0	0.7772666051169739
964	2	2	1.0	0.7857142857142858	0.7659403024224203	0.7659403024224203	1.0
965	3	3	1.0	0.8421052631578948	0.8746971567181967	0.8746971567181967	0.8746971567181967
966	5	5	0.9897789728037683	0.896551724137931	0.9897789728037683	0.9897789728037683	0.5190596650403075
967	4	5	1.0	0.7241379310344828	0.7467228003864763	0.3107035427655028	0.7130077021834365
968	3	4	1.0	0.6666666666666667	1.0	0.7772666051169739	0.6205683061422069
969	3	5	0.950851143701972	0.5517241379310345	1.0	1.0	0.950851143701972
970	4	7	0.7874269018877686	0.5384615384615385	0.7191927394092367	0.32279565609625926	1.0
971	3	7	0.5190596650403075	0.4102564102564103	0.5025922561108833	0.18417061132735574	0.9897789728037683
972	3	4	1.0	0.6666666666666667	0.7772666051169739	1.0	0.6205683061422069
973	3	3	1.0	0.8421052631578948	1.0	1.0	0.31968291409810823
974	2	4	0.8746971567181967	0.45833333333333337	1.0	0.496681934775137	0.8746971567181967
975	2	3	1.0	0.5789473684210527	0.8122924213705134	0.8122924213705134	0.4985400601168113
976	3	3	1.0	0.8421052631578948	1.0	1.0	0.31968291409810823
977	3	4	1.0	0.6666666666666667	1.0	0.7772666051169739	0.6205683061422069
978	2	4	0.8746971567181967	0.45833333333333337	1.0	0.496681934775137	0.8746971567181967
979	2	6	0.42847102439120577	0.3235294117647059	0.950851143701972	0.5037922517601838	1.0
980	2	6	0.42847102439120577	0.3235294117647059	1.0	0.5037922517601838	1.0
981	2	7	0.2897806434946989	0.2820512820512821	0.7467228003864763	0.7467228003864763	0.7467228003864763
982	3	7	0.5190596650403075	0.4102564102564103	0.5025922561108833	0.5025922561108833	0.9897789728037683
983	3	9	0.25660141106633566	0.32653061224489793	0.49707060933972524	0.1992720156152802	0.49707060933972524
984	4	8	0.5961546956936445	0.47727272727272724	0.1992720156152802	0.1992720156152802	0.9405457749494737
985	5	8	0.8499039724801238	0.5909090909090908	0.6938607416523797	0.3288250136852512	0.6938607416523797
986	4	5	1.0	0.7241379310344828	0.7467228003864763	0.3107035427655028	0.7467228003864763
987	4	5	1.0	0.7241379310344828	0.7130077021834365	0.3107035427655028	0.7130077021834365
988	4	5	1.0	0.7241379310344828	0.08022427971951071	0.7467228003864763	1.0
989	2	7	0.2897806434946989	0.2820512820512821	0.7130077021834365	1.0	0.7467228003864763
990	2	7	0.2897806434946989	0.2820512820512821	0.7130077021834365	1.0	0.7467228003864763
991	3	8	0.368735376145937	0.36363636363636365	0.7874269018877686	1.0	1.0
992	3	8	0.368735376145937	0.36363636363636365	0.7874269018877686	1.0	1.0
993	2	8	0.19277911090592442	0.25	0.5190596650403075	0.9897789728037683	1.0
994	2	8	0.19277911090592442	0.25	1.0	0.18417061132735574	0.5025922561108833
995	3	10	0.17542863964322813	0.2962962962962963	1.0	0.6938607416523797	1.0
996	4	9	0.4400533758160907	0.42857142857142855	0.4400533758160907	0.6938607416523797	0.8499039724801238
997	5	6	1.0	0.7647058823529412	0.7874269018877686	0.7191927394092367	0.7874269018877686
998	6	5	0.7191927394092367	1.0689655172413794	1.0	0.7191927394092367	0.368735376145937
999	6	6	0.9405457749494737	0.911764705882353	0.25660141106633566	1.0	0.08203779072656003
1000	6	3	0.3107035427655028	1.6315789473684212	0.08022427971951071	1.0	1.0
1001	5	4	0.7467228003864763	1.0833333333333335	0.2897806434946989	1.0	0.7130077021834365
1002	6	2	0.1619006725408006	2.2142857142857144	0.12801319840935863	0.950851143701972	1.0
1003	7	2	0.08828208431457835	2.5714285714285716	0.08022427971951071	0.7130077021834365	0.7467228003864763
1004	5	2	0.28877586314715975	1.8571428571428574	0.20302760916839405	0.6205683061422069	1.0
1005	7	2	0.08828208431457835	2.5714285714285716	0.7130077021834365	1.0	1.0
1006	9	3	0.05900573409563311	2.4210526315789473	0.5961546956936445	0.9405457749494737	0.9405457749494737
1007	9	2	0.024632882963437665	3.2857142857142856	0.7874269018877686	1.0	0.7874269018877686
1008	7	5	0.49707060933972524	1.2413793103448276	1.0	1.0	0.5961546956936445
1009	8	6	0.48908338338448853	1.2058823529411764	0.663157970903846	1.0	0.663157970903846
1010	9	8	0.647924861223018	1.0454545454545452	0.5635855144650967	0.5635855144650967	1.0
1011	7	7	0.898065813849968	0.9230769230769231	0.3176883016457046	0.663157970903846	1.0
1012	6	7	1.0	0.7948717948717949	0.4400533758160907	0.8499039724801238	1.0
1013	5	9	0.663157970903846	0.5306122448979592	1.0	1.0	0.48908338338448853
1014	5	9	0.663157970903846	0.5306122448979592	1.0	1.0	0.898065813849968
1015	3	9	0.25660141106633566	0.32653061224489793	0.49707060933972524	1.0	0.49707060933972524
1016	2	8	0.19277911090592442	0.25	0.9897789728037683	1.0	0.9897789728037683
1017	1	6	0.20302760916839405	0.17647058823529413	1.0	0.6205683061422069	1.0
1018	1	6	0.20302760916839405	0.17647058823529413	0.6205683061422069	1.0	1.0
1019	1	5	0.31968291409810823	0.20689655172413793	0.8746971567181967	0.8746971567181967	0.8746971567181967
1020	1	5	0.31968291409810823	0.20689655172413793	0.8746971567181967	0.8746971567181967	0.8746971567181967
1021	1	5	0.31968291409810823	0.20689655172413793	0.8746971567181967	0.8746971567181967	0.8746971567181967
1022	2	7	0.2897806434946989	0.2820512820512821	0.7130077021834365	1.0	1.0
1023	2	7	0.2897806434946989	0.2820512820512821	0.7130077021834365	1.0	1.0
1024	1	8	0.08022427971951071	0.13636363636363635	1.0	1.0	0.7130077021834365
1025	2	7	0.2897806434946989	0.2820512820512821	0.7467228003864763	1.0	1.0
1026	2	7	0.2897806434946989	0.2820512820512821	0.7467228003864763	1.0	1.0
1027	2	5	0.6205683061422069	0.37931034482758624	0.28877586314715975	1.0	1.0
1028	2	5	0.6205683061422069	0.37931034482758624	0.28877586314715975	1.0	1.0
1029	4	5	1.0	0.7241379310344828	0.08828208431457835	0.7467228003864763	1.0
1030	3	5	0.950851143701972	0.5517241379310345	0.1619006725408006	1.0	1.0
1031	6	5	0.7191927394092367	1.0689655172413794	0.32279565609625926	1.0	1.0
1032	5	5	0.9897789728037683	0.896551724137931	0.5025922561108833	1.0	0.9897789728037683
1033	5	4	0.7467228003864763	1.0833333333333335	0.7467228003864763	1.0	0.7467228003864763
1034	4	3	0.7772666051169739	1.105263157894737	1.0	0.6205683061422069	0.7772666051169739
1035	6	3	0.3107035427655028	1.6315789473684212	0.7467228003864763	1.0	1.0
1036	6	3	0.3107035427655028	1.6315789473684212	0.7467228003864763	1.0	1.0
1037	3	2	0.8122924213705134	1.142857142857143	0.4985400601168113	0.4985400601168113	1.0
1038	5	1	0.12923273981185768	2.888888888888889	0.8746971567181967	1.0	1.0
1039	5	1	0.12923273981185768	2.888888888888889	0.8746971567181967	1.0	1.0
1040	5	1	0.12923273981185768	2.888888888888889	0.31968291409810823	0.8746971567181967	0.8746971567181967
1041	3	1	0.4708666542801552	1.777777777777778	0.7659403024224203	1.0	0.7659403024224203
1042	5	4	0.7467228003864763	1.0833333333333335	0.2897806434946989	0.2897806434946989	0.7130077021834365
1043	4	4	1.0	0.8750000000000001	0.42847102439120577	0.42847102439120577	0.950851143701972
1044	3	4	1.0	0.6666666666666667	0.20302760916839405	0.6205683061422069	1.0
1045	3	4	1.0	0.6666666666666667	0.20302760916839405	0.6205683061422069	1.0
1046	4	4	1.0	0.8750000000000001	0.42847102439120577	0.950851143701972	0.42847102439120577
1047	2	4	0.8746971567181967	0.45833333333333337	0.31968291409810823	0.8746971567181967	0.8746971567181967
1048	1	4	0.4985400601168113	0.25	0.11159899812604612	0.4985400601168113	1.0
1049	1	4	0.4985400601168113	0.25	0.11159899812604612	0.4985400601168113	1.0
1050	4	4	1.0	0.8750000000000001	0.42847102439120577	0.950851143701972	0.42847102439120577
1051	3	4	1.0	0.6666666666666667	0.20302760916839405	0.6205683061422069	1.0
1052	4	6	1.0	0.6176470588235294	0.19277911090592442	0.9897789728037683	0.9897789728037683
1053	3	4	1.0	0.6666666666666667	0.20302760916839405	0.6205683061422069	1.0
1054	3	4	1.0	0.6666666666666667	0.6205683061422069	1.0	0.6205683061422069
1055	5	7	1.0	0.6666666666666667	0.5961546956936445	0.49707060933972524	1.0
1056	4	6	1.0	0.6176470588235294	1.0	0.9897789728037683	0.5190596650403075
1057	2	8	0.19277911090592442	0.25	0.5190596650403075	0.9897789728037683	1.0
1058	1	5	0.31968291409810823	0.20689655172413793	0.31968291409810823	0.8746971567181967	1.0
1059	3	5	0.950851143701972	0.5517241379310345	0.950851143701972	1.0	0.950851143701972
1060	1	4	0.4985400601168113	0.25	1.0	1.0	0.8122924213705134
1061	1	1	1.0	0.6666666666666666	0.5707706489427777	1.0	1.0
1062	2	2	1.0	0.7857142857142858	0.7659403024224203	1.0	0.7659403024224203
1063	2	4	0.8746971567181967	0.45833333333333337	0.8746971567181967	0.8746971567181967	1.0
1064	2	2	1.0	0.7857142857142858	0.18802362480979026	0.7659403024224203	1.0
1065	2	1	0.8550169277983473	1.2222222222222223	0.32230179661562136	1.0	1.0
1066	2	2	1.0	0.7857142857142858	0.7659403024224203	1.0	0.7659403024224203
1067	3	3	1.0	0.8421052631578948	0.31968291409810823	0.8746971567181967	0.8746971567181967
1068	3	1	0.4708666542801552	1.777777777777778	0.18802362480979026	0.7659403024224203	1.0
1069	2	1	0.8550169277983473	1.2222222222222223	0.32230179661562136	1.0	1.0
1070	2	1	0.8550169277983473	1.2222222222222223	0.32230179661562136	1.0	1.0
1071	4	1	0.24943284020538684	2.3333333333333335	0.4985400601168113	0.11159899812604612	1.0
1072	3	0	0.17535994693641072	4.0	0.32230179661562136	0.32230179661562136	1.0
1073	1	1	1.0	0.6666666666666666	1.0	0.5707706489427777	1.0
1074	3	3	1.0	0.8421052631578948	0.8746971567181967	0.8746971567181967	0.8746971567181967
1075	3	5	0.950851143701972	0.5517241379310345	0.950851143701972	0.42847102439120577	0.950851143701972
1076	2	4	0.8746971567181967	0.45833333333333337	0.8746971567181967	0.8746971567181967	0.8746971567181967
1077	2	4	0.8746971567181967	0.45833333333333337	0.8746971567181967	0.8746971567181967	0.8746971567181967
1078	3	5	0.950851143701972	0.5517241379310345	0.42847102439120577	0.42847102439120577	0.950851143701972
1079	2	5	0.6205683061422069	0.37931034482758624	0.6205683061422069	0.6205683061422069	1.0
1080	0	6	0.06687332726305449	0.029411764705882356	0.31968291409810823	0.8746971567181967	1.0
1081	1	6	0.20302760916839405	0.17647058823529413	0.6205683061422069	1.0	1.0
1082	1	6	0.20302760916839405	0.17647058823529413	0.6205683061422069	1.0	1.0
1083	0	6	0.06687332726305449	0.029411764705882356	0.31968291409810823	0.8746971567181967	1.0
1084	0	6	0.06687332726305449	0.029411764705882356	0.31968291409810823	0.8746971567181967	1.0
1085	0	6	0.06687332726305449	0.029411764705882356	0.31968291409810823	0.8746971567181967	1.0
1086	0	6	0.06687332726305449	0.029411764705882356	0.31968291409810823	0.8746971567181967	1.0
1087	0	3	0.32230179661562136	0.052631578947368425	0.32230179661562136	1.0	1.0
1088	0	3	0.32230179661562136	0.052631578947368425	1.0	1.0	1.0
1089	0	3	0.32230179661562136	0.052631578947368425	1.0	1.0	1.0
1090	0	1	1.0	0.11111111111111112	1.0	0.916532721356527	1.0
1091	0	2	0.5707706489427777	0.07142857142857144	1.0	1.0	1.0
1092	0	2	0.5707706489427777	0.07142857142857144	1.0	1.0	1.0
1093	0	1	1.0	0.11111111111111112	1.0	0.916532721356527	1.0
1094	0	1	1.0	0.11111111111111112	1.0	0.916532721356527	1.0
1095	0	2	0.5707706489427777	0.07142857142857144	1.0	1.0	1.0
1096	1	3	0.7659403024224203	0.3157894736842105	0.7659403024224203	1.0	0.18802362480979026
1097	1	3	0.7659403024224203	0.3157894736842105	0.7659403024224203	1.0	0.18802362480979026
1098	0	0	1.0	0.25	1.0	1.0	1.0
1099	0	1	1.0	0.11111111111111112	0.916532721356527	1.0	1.0
1100	0	0	1.0	0.25	1.0	1.0	1.0
1101	0	1	1.0	0.11111111111111112	0.916532721356527	1.0	1.0
1102	0	0	1.0	0.25	1.0	1.0	1.0
1103	0	1	1.0	0.11111111111111112	0.916532721356527	1.0	1.0
1104	0	2	0.5707706489427777	0.07142857142857144	0.38741437083820773	0.5707706489427777	0.5707706489427777
1105	0	1	1.0	0.11111111111111112	0.916532721356527	1.0	1.0
1106	0	2	0.5707706489427777	0.07142857142857144	0.38741437083820773	0.5707706489427777	0.5707706489427777
1107	0	2	0.5707706489427777	0.07142857142857144	0.38741437083820773	0.5707706489427777	0.5707706489427777
1108	0	2	0.5707706489427777	0.07142857142857144	1.0	0.5707706489427777	1.0
1109	1	5	0.31968291409810823	0.20689655172413793	0.12923273981185768	0.31968291409810823	0.31968291409810823
1110	1	3	0.7659403024224203	0.3157894736842105	1.0	0.7659403024224203	0.7659403024224203
1111	1	2	1.0	0.4285714285714286	1.0	1.0	1.0
1112	2	6	0.42847102439120577	0.3235294117647059	0.950851143701972	0.42847102439120577	0.42847102439120577
1113	2	5	0.6205683061422069	0.37931034482758624	0.6205683061422069	0.6205683061422069	0.6205683061422069
1114	2	3	1.0	0.5789473684210527	0.4985400601168113	0.4985400601168113	1.0
1115	2	3	1.0	0.5789473684210527	0.4985400601168113	0.4985400601168113	1.0
1116	2	3	1.0	0.5789473684210527	0.4985400601168113	0.4985400601168113	1.0
1117	3	3	1.0	0.8421052631578948	0.8746971567181967	0.31968291409810823	1.0
1118	3	2	0.8122924213705134	1.142857142857143	1.0	0.4985400601168113	1.0
1119	3	3	1.0	0.8421052631578948	0.8746971567181967	0.31968291409810823	1.0
1120	3	3	1.0	0.8421052631578948	0.8746971567181967	0.31968291409810823	1.0
1121	3	2	0.8122924213705134	1.142857142857143	1.0	0.4985400601168113	1.0
1122	3	2	0.8122924213705134	1.142857142857143	1.0	0.4985400601168113	1.0
1123	4	1	0.24943284020538684	2.3333333333333335	0.4985400601168113	1.0	0.8122924213705134
1124	3	1	0.4708666542801552	1.777777777777778	0.7659403024224203	0.7659403024224203	1.0
1125	3	1	0.4708666542801552	1.777777777777778	0.7659403024224203	0.7659403024224203	1.0
1126	4	1	0.24943284020538684	2.3333333333333335	0.4985400601168113	1.0	0.8122924213705134
1127	3	1	0.4708666542801552	1.777777777777778	0.7659403024224203	0.7659403024224203	1.0
1128	2	0	0.38741437083820773	2.75	1.0	0.5707706489427777	1.0
1129	5	0	0.03882976310756443	6.5	0.4985400601168113	0.4985400601168113	0.8122924213705134
1130	7	1	0.03326415342990244	4.0	0.12801319840935863	0.950851143701972	0.5037922517601838
1131	6	3	0.3107035427655028	1.6315789473684212	0.2897806434946989	0.2897806434946989	0.7467228003864763
1132	5	2	0.28877586314715975	1.8571428571428574	0.6205683061422069	0.20302760916839405	0.7772666051169739
1133	6	2	0.1619006725408006	2.2142857142857144	0.42847102439120577	0.42847102439120577	1.0
1134	7	5	0.49707060933972524	1.2413793103448276	0.25660141106633566	0.5961546956936445	0.49707060933972524
1135	7	3	0.18417061132735574	1.8947368421052633	0.5190596650403075	1.0	0.9897789728037683
1136	5	3	0.5037922517601838	1.368421052631579	0.950851143701972	1.0	1.0
1137	6	4	0.5025922561108833	1.2916666666666667	0.5190596650403075	0.9897789728037683	0.9897789728037683
1138	7	4	0.32279565609625926	1.5	0.368735376145937	1.0	1.0
1139	5	4	0.7467228003864763	1.0833333333333335	0.7130077021834365	1.0	0.7467228003864763
1140	5	5	0.9897789728037683	0.896551724137931	0.5190596650403075	1.0	0.5025922561108833
1141	3	4	1.0	0.6666666666666667	1.0	0.7772666051169739	0.7772666051169739
1142	2	5	0.6205683061422069	0.37931034482758624	0.6205683061422069	1.0	0.28877586314715975
1143	5	5	0.9897789728037683	0.896551724137931	0.9897789728037683	0.9897789728037683	0.5025922561108833
1144	5	5	0.9897789728037683	0.896551724137931	0.9897789728037683	0.9897789728037683	0.5025922561108833
1145	4	5	1.0	0.7241379310344828	1.0	1.0	0.3107035427655028
1146	4	5	1.0	0.7241379310344828	1.0	1.0	0.3107035427655028
1147	5	7	1.0	0.6666666666666667	0.9405457749494737	0.5961546956936445	0.49707060933972524
1148	5	6	1.0	0.7647058823529412	0.7191927394092367	0.7874269018877686	0.32279565609625926
1149	5	5	0.9897789728037683	0.896551724137931	0.5025922561108833	1.0	0.5025922561108833
1150	4	5	1.0	0.7241379310344828	0.3107035427655028	0.7130077021834365	0.7467228003864763
1151	6	7	1.0	0.7948717948717949	0.6938607416523797	0.4400533758160907	0.6938607416523797
1152	6	5	0.7191927394092367	1.0689655172413794	0.32279565609625926	0.7874269018877686	0.7191927394092367
1153	1	3	0.7659403024224203	0.3157894736842105	1.0	1.0	1.0
1154	0	0	1.0	0.25	1.0	1.0	1.0
1155	0	0	1.0	0.25	1.0	1.0	1.0
1156	0	0	1.0	0.25	1.0	1.0	1.0
1157	0	0	1.0	0.25	1.0	1.0	1.0
1158	0	0	1.0	0.25	1.0	1.0	1.0
1159	0	1	1.0	0.11111111111111112	0.916532721356527	1.0	1.0
1160	0	0	1.0	0.25	1.0	1.0	1.0
1161	0	0	1.0	0.25	1.0	1.0	1.0
1162	1	0	0.916532721356527	1.4999999999999998	1.0	1.0	1.0
1163	1	1	1.0	0.6666666666666666	1.0	0.5707706489427777	0.5707706489427777
1164	1	1	1.0	0.6666666666666666	1.0	0.5707706489427777	0.5707706489427777
1165	1	1	1.0	0.6666666666666666	1.0	0.5707706489427777	0.5707706489427777
1166	1	1	1.0	0.6666666666666666	1.0	0.5707706489427777	0.5707706489427777
1167	1	1	1.0	0.6666666666666666	1.0	0.5707706489427777	0.5707706489427777
1168	1	1	1.0	0.6666666666666666	1.0	0.5707706489427777	0.5707706489427777
1169	1	1	1.0	0.6666666666666666	1.0	0.5707706489427777	0.5707706489427777
1170	1	1	1.0	0.6666666666666666	1.0	0.5707706489427777	0.5707706489427777
1171	2	1	0.8550169277983473	1.2222222222222223	1.0	1.0	0.32230179661562136
1172	2	2	1.0	0.7857142857142858	0.7659403024224203	0.7659403024224203	0.7659403024224203
1173	2	2	1.0	0.7857142857142858	0.7659403024224203	0.7659403024224203	0.7659403024224203
1174	2	2	1.0	0.7857142857142858	0.7659403024224203	0.7659403024224203	0.7659403024224203
1175	1	2	1.0	0.4285714285714286	1.0	1.0	1.0
1176	1	1	1.0	0.6666666666666666	0.5707706489427777	1.0	1.0
1177	1	1	1.0	0.6666666666666666	0.5707706489427777	1.0	1.0
1178	1	1	1.0	0.6666666666666666	0.5707706489427777	1.0	1.0
1179	1	1	1.0	0.6666666666666666	0.5707706489427777	1.0	1.0
1180	1	1	1.0	0.6666666666666666	0.5707706489427777	1.0	1.0
1181	0	1	1.0	0.11111111111111112	1.0	1.0	0.916532721356527
1182	0	0	1.0	0.25	1.0	1.0	1.0
1183	0	0	1.0	0.25	1.0	1.0	1.0
1184	0	0	1.0	0.25	1.0	1.0	1.0
1185	0	0	1.0	0.25	1.0	1.0	1.0
1186	0	0	1.0	0.25	1.0	1.0	1.0
1187	0	0	1.0	0.25	1.0	1.0	1.0
1188	0	0	1.0	0.25	1.0	1.0	1.0
1189	0	2	0.5707706489427777	0.07142857142857144	0.38741437083820773	1.0	1.0
1190	0	2	0.5707706489427777	0.07142857142857144	0.38741437083820773	1.0	1.0
1191	0	2	0.5707706489427777	0.07142857142857144	0.38741437083820773	1.0	1.0
1192	0	2	0.5707706489427777	0.07142857142857144	0.38741437083820773	1.0	1.0
1193	0	2	0.5707706489427777	0.07142857142857144	0.38741437083820773	1.0	1.0
1194	0	2	0.5707706489427777	0.07142857142857144	0.38741437083820773	1.0	1.0
1195	0	2	0.5707706489427777	0.07142857142857144	0.38741437083820773	1.0	1.0
1196	0	3	0.32230179661562136	0.052631578947368425	0.17535994693641072	0.8550169277983473	1.0
1197	0	3	0.32230179661562136	0.052631578947368425	0.17535994693641072	0.8550169277983473	1.0
1198	0	1	1.0	0.11111111111111112	0.916532721356527	0.916532721356527	1.0
1199	0	1	1.0	0.11111111111111112	0.916532721356527	0.916532721356527	1.0
1200	0	1	1.0	0.11111111111111112	0.916532721356527	0.916532721356527	1.0
1201	0	1	1.0	0.11111111111111112	0.916532721356527	0.916532721356527	1.0
1202	0	1	1.0	0.11111111111111112	0.916532721356527	0.916532721356527	1.0
1203	0	2	0.5707706489427777	0.07142857142857144	1.0	1.0	0.5707706489427777
1204	0	2	0.5707706489427777	0.07142857142857144	1.0	1.0	0.5707706489427777
1205	0	1	1.0	0.11111111111111112	1.0	1.0	1.0
1206	0	1	1.0	0.11111111111111112	1.0	1.0	1.0
1207	0	1	1.0	0.11111111111111112	1.0	1.0	1.0
1208	1	2	1.0	0.4285714285714286	1.0	0.32230179661562136	0.32230179661562136
1209	1	2	1.0	0.4285714285714286	1.0	0.32230179661562136	0.32230179661562136
1210	2	2	1.0	0.7857142857142858	1.0	0.7659403024224203	0.18802362480979026
1211	2	2	1.0	0.7857142857142858	1.0	0.7659403024224203	0.18802362480979026
1212	2	1	0.8550169277983473	1.2222222222222223	0.8550169277983473	1.0	0.32230179661562136
1213	2	1	0.8550169277983473	1.2222222222222223	0.8550169277983473	1.0	0.32230179661562136
1214	2	1	0.8550169277983473	1.2222222222222223	0.8550169277983473	1.0	0.32230179661562136
1215	2	2	1.0	0.7857142857142858	0.4708666542801552	1.0	0.7659403024224203
1216	2	2	1.0	0.7857142857142858	0.4708666542801552	1.0	0.7659403024224203
1217	1	1	1.0	0.6666666666666666	0.38741437083820773	0.38741437083820773	1.0
1218	1	1	1.0	0.6666666666666666	0.38741437083820773	0.38741437083820773	1.0
1219	0	1	1.0	0.11111111111111112	0.916532721356527	0.916532721356527	0.916532721356527
1220	0	2	0.5707706489427777	0.07142857142857144	1.0	0.38741437083820773	1.0
1221	0	2	0.5707706489427777	0.07142857142857144	1.0	0.38741437083820773	1.0
1222	0	2	0.5707706489427777	0.07142857142857144	1.0	0.38741437083820773	1.0
1223	0	2	0.5707706489427777	0.07142857142857144	1.0	0.38741437083820773	1.0
1224	0	1	1.0	0.11111111111111112	1.0	0.916532721356527	1.0
1225	0	1	1.0	0.11111111111111112	1.0	0.916532721356527	1.0
1226	0	1	1.0	0.11111111111111112	1.0	0.916532721356527	1.0
1227	0	1	1.0	0.11111111111111112	1.0	0.916532721356527	1.0
1228	0	1	1.0	0.11111111111111112	1.0	0.916532721356527	1.0
1229	0	0	1.0	0.25	1.0	1.0	1.0
1230	1	0	0.916532721356527	1.4999999999999998	0.916532721356527	1.0	0.916532721356527
1231	1	0	0.916532721356527	1.4999999999999998	0.916532721356527	1.0	0.916532721356527
1232	1	0	0.916532721356527	1.4999999999999998	0.916532721356527	1.0	0.916532721356527
1233	1	0	0.916532721356527	1.4999999999999998	0.916532721356527	1.0	0.916532721356527
1234	1	0	0.916532721356527	1.4999999999999998	0.916532721356527	1.0	0.916532721356527
1235	1	0	0.916532721356527	1.4999999999999998	0.916532721356527	1.0	0.916532721356527
1236	1	0	0.916532721356527	1.4999999999999998	0.916532721356527	1.0	0.916532721356527
1237	2	0	0.38741437083820773	2.75	0.38741437083820773	0.5707706489427777	1.0
1238	3	0	0.17535994693641072	4.0	0.17535994693641072	1.0	1.0
1239	2	0	0.38741437083820773	2.75	0.38741437083820773	1.0	0.5707706489427777
1240	2	0	0.38741437083820773	2.75	0.38741437083820773	1.0	0.5707706489427777
1241	2	0	0.38741437083820773	2.75	0.38741437083820773	1.0	0.5707706489427777
1242	2	0	0.38741437083820773	2.75	0.38741437083820773	1.0	0.5707706489427777
1243	2	0	0.38741437083820773	2.75	0.38741437083820773	1.0	0.5707706489427777
